,epoch,n_pre_layers,loss_critic,pred_fake,pred_real,loss_gen,norm_gen
0,20.0,3.0,9.392348289489746,-0.23610521852970123,-0.0406586192548275,-0.23610521852970123,10.358261108398438
0,40.0,3.0,8.83349323272705,-0.04043225571513176,-0.09970084577798843,-0.04043225571513176,10.69897747039795
0,60.0,3.0,9.217829704284668,-0.1569107621908188,-0.06121870502829552,-0.1569107621908188,10.057146072387695
0,80.0,3.0,8.205764770507812,0.0674668550491333,-0.014008057303726673,0.0674668550491333,9.240001678466797
0,100.0,3.0,8.649266242980957,0.11806957423686981,-0.05189448222517967,0.11806957423686981,9.992827415466309
0,120.0,3.0,9.139471054077148,-0.06965575367212296,0.15036407113075256,-0.06965575367212296,9.466614723205566
0,140.0,3.0,9.354300498962402,-0.007542530540376902,0.18573659658432007,-0.007542530540376902,10.2799711227417
0,160.0,3.0,9.119206428527832,0.02904537506401539,0.2234955132007599,0.02904537506401539,9.398577690124512
0,180.0,3.0,8.862038612365723,-0.13714806735515594,-0.04169011861085892,-0.13714806735515594,10.933977127075195
0,200.0,3.0,8.877934455871582,-0.1341499537229538,-0.018062535673379898,-0.1341499537229538,9.089158058166504
0,220.0,3.0,8.683515548706055,0.1219959706068039,0.11665109544992447,0.1219959706068039,9.508831024169922
0,240.0,3.0,8.708816528320312,-0.25013968348503113,-0.09829219430685043,-0.25013968348503113,11.512772560119629
0,260.0,3.0,9.339356422424316,0.05715198442339897,0.20846539735794067,0.05715198442339897,9.166033744812012
0,280.0,3.0,8.792405128479004,-0.296525776386261,0.12073182314634323,-0.296525776386261,9.068086624145508
0,300.0,3.0,8.625807762145996,0.2288089245557785,0.39625462889671326,0.2288089245557785,9.86933708190918
0,320.0,3.0,8.192898750305176,0.18461288511753082,-0.06263753026723862,0.18461288511753082,9.94229793548584
0,340.0,3.0,8.750725746154785,-0.031921759247779846,0.1949775069952011,-0.031921759247779846,11.229802131652832
0,360.0,3.0,8.348980903625488,-0.06483960896730423,-0.08850505948066711,-0.06483960896730423,9.456868171691895
0,380.0,3.0,8.479682922363281,0.2768964171409607,-0.021029019728302956,0.2768964171409607,10.271556854248047
0,400.0,3.0,8.863813400268555,-0.07039640843868256,0.3018687069416046,-0.07039640843868256,10.224689483642578
0,420.0,3.0,8.995016098022461,-0.18327876925468445,0.2845412492752075,-0.18327876925468445,9.849967002868652
0,440.0,3.0,8.600627899169922,-0.1523575335741043,-0.18054381012916565,-0.1523575335741043,9.524014472961426
0,460.0,3.0,8.969178199768066,-0.25452086329460144,-0.14153245091438293,-0.25452086329460144,10.042031288146973
0,480.0,3.0,8.539586067199707,-0.02327783964574337,0.15070341527462006,-0.02327783964574337,11.067107200622559
0,500.0,3.0,8.381754875183105,0.20299777388572693,-0.17201894521713257,0.20299777388572693,10.2052640914917
0,520.0,3.0,8.243269920349121,0.1289634257555008,-0.14083991944789886,0.1289634257555008,10.63919448852539
0,540.0,3.0,8.880030632019043,-0.200740247964859,0.09282974898815155,-0.200740247964859,10.392513275146484
0,560.0,3.0,8.424551010131836,0.08496664464473724,-0.11438000947237015,0.08496664464473724,10.935117721557617
0,580.0,3.0,8.496337890625,0.2369723916053772,0.04006928950548172,0.2369723916053772,9.697442054748535
0,600.0,3.0,9.020001411437988,-0.36231184005737305,-0.11131015419960022,-0.36231184005737305,9.553489685058594
0,620.0,3.0,8.953203201293945,0.019133981317281723,-0.05357213690876961,0.019133981317281723,9.759608268737793
0,640.0,3.0,8.661866188049316,0.18358847498893738,0.20596837997436523,0.18358847498893738,10.141497611999512
0,660.0,3.0,8.414154052734375,0.21236857771873474,-0.029564715921878815,0.21236857771873474,9.796003341674805
0,680.0,3.0,8.31606674194336,0.17751023173332214,-0.10601398348808289,0.17751023173332214,10.039196968078613
0,700.0,3.0,7.979752540588379,0.23457863926887512,-0.0901825875043869,0.23457863926887512,9.776084899902344
0,720.0,3.0,9.16408920288086,-0.04368839040398598,0.3948104679584503,-0.04368839040398598,9.906203269958496
0,740.0,3.0,9.137828826904297,-0.1537650227546692,-0.014663726091384888,-0.1537650227546692,10.039387702941895
0,760.0,3.0,9.122020721435547,-0.2177228033542633,0.12260208278894424,-0.2177228033542633,10.082788467407227
0,780.0,3.0,9.04561710357666,-0.2846873998641968,-0.34085628390312195,-0.2846873998641968,10.619099617004395
0,800.0,3.0,9.09924030303955,0.050201889127492905,-0.061256762593984604,0.050201889127492905,10.135334014892578
0,820.0,3.0,8.593685150146484,-0.011545062065124512,0.10687302052974701,-0.011545062065124512,10.329907417297363
0,840.0,3.0,8.395553588867188,0.2324482947587967,-0.11075633019208908,0.2324482947587967,9.949228286743164
0,860.0,3.0,8.193230628967285,0.23825663328170776,-0.19784897565841675,0.23825663328170776,9.283502578735352
0,880.0,3.0,8.507287979125977,-0.05417370796203613,-0.23572562634944916,-0.05417370796203613,9.248257637023926
0,900.0,3.0,9.286109924316406,-0.20543457567691803,0.019849976524710655,-0.20543457567691803,9.755228996276855
0,920.0,3.0,8.812691688537598,-0.09712447971105576,0.3448624908924103,-0.09712447971105576,10.238641738891602
0,940.0,3.0,9.180583000183105,-0.1227114349603653,-0.11337628215551376,-0.1227114349603653,10.636143684387207
0,960.0,3.0,8.488059997558594,-0.16615734994411469,-0.3292493224143982,-0.16615734994411469,10.529565811157227
0,980.0,3.0,8.23820972442627,0.23138931393623352,0.18093405663967133,0.23138931393623352,10.109227180480957
0,1000.0,3.0,8.355694770812988,0.08356784284114838,-0.435852974653244,0.08356784284114838,9.72962760925293
0,1020.0,3.0,8.827641487121582,-0.07282722741365433,-0.05289503559470177,-0.07282722741365433,9.255524635314941
0,1040.0,3.0,8.60029125213623,0.05662951618432999,0.06837006658315659,0.05662951618432999,9.803985595703125
0,1060.0,3.0,8.87533950805664,0.1252325028181076,-0.07489404827356339,0.1252325028181076,10.001062393188477
0,1080.0,3.0,8.798330307006836,-0.025637932121753693,0.03168242797255516,-0.025637932121753693,10.10606575012207
0,1100.0,3.0,8.359378814697266,0.19136978685855865,-0.1263626217842102,0.19136978685855865,9.502636909484863
0,1120.0,3.0,8.66200065612793,0.023121118545532227,0.21128778159618378,0.023121118545532227,9.496330261230469
0,1140.0,3.0,9.397278785705566,-0.3436148762702942,0.07684231549501419,-0.3436148762702942,8.810209274291992
0,1160.0,3.0,8.744997024536133,-0.13273979723453522,-0.14522907137870789,-0.13273979723453522,10.33043098449707
0,1180.0,3.0,8.68823528289795,0.12089087069034576,0.09229577332735062,0.12089087069034576,10.44724178314209
0,1200.0,3.0,8.975436210632324,0.10359816998243332,-0.10149843245744705,0.10359816998243332,9.710339546203613
0,1220.0,3.0,9.377281188964844,-0.066462442278862,0.38687965273857117,-0.066462442278862,10.173394203186035
0,1240.0,3.0,8.86386489868164,0.09381552040576935,0.5448054075241089,0.09381552040576935,11.389030456542969
0,1260.0,3.0,9.058509826660156,-0.20875321328639984,0.17288440465927124,-0.20875321328639984,9.990191459655762
0,1280.0,3.0,8.249213218688965,-0.07876450568437576,-0.24844929575920105,-0.07876450568437576,10.959444046020508
0,1300.0,3.0,8.535786628723145,-0.10784527659416199,-0.12862937152385712,-0.10784527659416199,9.097681999206543
0,1320.0,3.0,8.73780345916748,-0.08297541737556458,-0.23623256385326385,-0.08297541737556458,10.695173263549805
0,1340.0,3.0,8.719718933105469,0.0018995702266693115,0.14152464270591736,0.0018995702266693115,9.333441734313965
0,1360.0,3.0,8.725716590881348,0.1611047387123108,0.015057181939482689,0.1611047387123108,10.069430351257324
0,1380.0,3.0,8.64762020111084,0.14962105453014374,0.05637211725115776,0.14962105453014374,11.094358444213867
0,1400.0,3.0,8.656335830688477,-0.1790112853050232,0.05099879950284958,-0.1790112853050232,8.689733505249023
0,1420.0,3.0,8.995975494384766,0.0771726742386818,-0.2015097439289093,0.0771726742386818,9.800045013427734
0,1440.0,3.0,9.105567932128906,-0.09699252992868423,0.33470895886421204,-0.09699252992868423,10.397512435913086
0,1460.0,3.0,8.931900978088379,-0.04236587509512901,-0.03260388225317001,-0.04236587509512901,10.883783340454102
0,1480.0,3.0,9.170576095581055,-0.011103016324341297,0.042139921337366104,-0.011103016324341297,9.835814476013184
0,1500.0,3.0,8.870192527770996,-0.34071603417396545,-0.10386721044778824,-0.34071603417396545,10.472445487976074
0,1520.0,3.0,8.570509910583496,0.5171748995780945,0.18045783042907715,0.5171748995780945,9.18676471710205
0,1540.0,3.0,8.512267112731934,0.18594850599765778,0.2378080189228058,0.18594850599765778,10.863114356994629
0,1560.0,3.0,8.227580070495605,0.3293754458427429,0.058262236416339874,0.3293754458427429,9.993727684020996
0,1580.0,3.0,8.968072891235352,0.02018163353204727,0.0626208707690239,0.02018163353204727,9.795084953308105
0,1600.0,3.0,8.912650108337402,-0.13220666348934174,-0.09252536296844482,-0.13220666348934174,9.92518424987793
0,1620.0,3.0,8.564597129821777,0.2951361835002899,-0.02973448671400547,0.2951361835002899,10.198526382446289
0,1640.0,3.0,8.327315330505371,-0.11710754781961441,-0.20442107319831848,-0.11710754781961441,10.036911964416504
0,1660.0,3.0,8.676209449768066,0.1875246912240982,0.14594854414463043,0.1875246912240982,9.323206901550293
0,1680.0,3.0,8.719930648803711,0.3587588667869568,0.0698009803891182,0.3587588667869568,11.363837242126465
0,1700.0,3.0,8.643202781677246,0.12494312226772308,-0.05986519902944565,0.12494312226772308,10.353957176208496
0,1720.0,3.0,8.514193534851074,0.24428948760032654,0.23582124710083008,0.24428948760032654,9.238390922546387
0,1740.0,3.0,8.910581588745117,0.12848712503910065,-0.034985803067684174,0.12848712503910065,10.743372917175293
0,1760.0,3.0,8.857263565063477,0.19812019169330597,0.16711311042308807,0.19812019169330597,10.457616806030273
0,1780.0,3.0,8.216377258300781,-0.061571307480335236,-0.16202881932258606,-0.061571307480335236,10.65964412689209
0,1800.0,3.0,8.472755432128906,-0.007590478751808405,0.01308259554207325,-0.007590478751808405,9.177475929260254
0,1820.0,3.0,8.868371963500977,-0.397174209356308,-0.017763638868927956,-0.397174209356308,9.430107116699219
0,1840.0,3.0,8.400630950927734,0.03638925775885582,-0.07437140494585037,0.03638925775885582,9.355722427368164
0,1860.0,3.0,8.444072723388672,-0.02438727207481861,-0.10073656588792801,-0.02438727207481861,10.841883659362793
0,1880.0,3.0,8.764875411987305,0.021709298714995384,0.20916511118412018,0.021709298714995384,10.541383743286133
0,1900.0,3.0,8.824049949645996,0.02699631080031395,0.13731999695301056,0.02699631080031395,10.241501808166504
0,1920.0,3.0,9.13379192352295,-0.08770494908094406,-0.04490979015827179,-0.08770494908094406,10.06348991394043
0,1940.0,3.0,8.788488388061523,-0.1727181226015091,-0.1147981509566307,-0.1727181226015091,9.925009727478027
0,1960.0,3.0,8.747916221618652,-0.2757105827331543,-0.13978442549705505,-0.2757105827331543,10.711212158203125
0,1980.0,3.0,8.610158920288086,0.1502516120672226,-0.004169614985585213,0.1502516120672226,10.0206298828125
0,2000.0,3.0,8.804926872253418,0.2732979357242584,-0.1042405292391777,0.2732979357242584,10.177124977111816
0,2020.0,3.0,8.53997802734375,-0.10188091546297073,-0.06781912595033646,-0.10188091546297073,10.229713439941406
0,2040.0,3.0,8.56691837310791,-0.03056763857603073,0.10750816762447357,-0.03056763857603073,10.784464836120605
0,2060.0,3.0,8.28812026977539,0.07054653763771057,-0.02352289669215679,0.07054653763771057,10.374173164367676
0,2080.0,3.0,8.813010215759277,0.03260941058397293,0.2323833853006363,0.03260941058397293,9.284836769104004
0,2100.0,3.0,8.668547630310059,-0.06501391530036926,-0.06514737010002136,-0.06501391530036926,9.696968078613281
0,2120.0,3.0,8.831246376037598,-0.009866058826446533,0.17231804132461548,-0.009866058826446533,9.342392921447754
0,2140.0,3.0,8.851531028747559,0.06873854994773865,0.10279683768749237,0.06873854994773865,9.525355339050293
0,2160.0,3.0,9.11063003540039,-0.003913072869181633,0.1320938616991043,-0.003913072869181633,10.079694747924805
0,2180.0,3.0,8.993048667907715,-0.08126982301473618,-0.023785749450325966,-0.08126982301473618,10.061124801635742
0,2200.0,3.0,9.122469902038574,0.0882503017783165,0.07924215495586395,0.0882503017783165,10.568402290344238
0,2220.0,3.0,8.429583549499512,0.09065647423267365,-0.23865455389022827,0.09065647423267365,10.224928855895996
0,2240.0,3.0,8.879141807556152,-0.05693982541561127,0.1148238331079483,-0.05693982541561127,9.251729011535645
0,2260.0,3.0,9.409904479980469,-0.03727748245000839,0.2851649522781372,-0.03727748245000839,10.730682373046875
0,2280.0,3.0,8.687275886535645,0.0759131982922554,-0.12772618234157562,0.0759131982922554,9.87744140625
0,2300.0,3.0,8.856645584106445,0.013323052786290646,0.05834130570292473,0.013323052786290646,9.528939247131348
0,2320.0,3.0,9.050698280334473,0.14781256020069122,0.3810778260231018,0.14781256020069122,9.4927339553833
0,2340.0,3.0,9.3477201461792,-0.17157398164272308,0.053157780319452286,-0.17157398164272308,9.890276908874512
0,2360.0,3.0,8.96771240234375,-0.41761934757232666,-0.1755225956439972,-0.41761934757232666,10.783117294311523
0,2380.0,3.0,9.104122161865234,-0.09980180859565735,-0.03990229219198227,-0.09980180859565735,10.064736366271973
0,2400.0,3.0,8.68686580657959,-0.08291031420230865,-0.21651557087898254,-0.08291031420230865,9.812688827514648
0,2420.0,3.0,8.90487003326416,0.09111172705888748,0.2508082091808319,0.09111172705888748,10.682096481323242
0,2440.0,3.0,8.680627822875977,0.21624495089054108,0.26988500356674194,0.21624495089054108,10.531661987304688
0,2460.0,3.0,8.846390724182129,0.021762831136584282,0.14778520166873932,0.021762831136584282,9.798076629638672
0,2480.0,3.0,8.109586715698242,0.16356496512889862,-0.18980520963668823,0.16356496512889862,10.621040344238281
0,2500.0,3.0,8.711514472961426,-0.20882347226142883,-0.23874954879283905,-0.20882347226142883,9.202790260314941
0,2520.0,3.0,8.83830738067627,-0.14520274102687836,0.07793223112821579,-0.14520274102687836,10.05367374420166
0,2540.0,3.0,9.009245872497559,-0.17905667424201965,-0.12716159224510193,-0.17905667424201965,9.9410400390625
0,2560.0,3.0,8.721951484680176,0.12110701948404312,-0.06044447049498558,0.12110701948404312,10.036757469177246
0,2580.0,3.0,9.73048210144043,-0.45262908935546875,0.01569136045873165,-0.45262908935546875,9.040157318115234
0,2600.0,3.0,9.016547203063965,0.018193718045949936,0.10332188755273819,0.018193718045949936,9.594849586486816
0,2620.0,3.0,8.828661918640137,-0.05562764033675194,0.03709503263235092,-0.05562764033675194,11.347099304199219
0,2640.0,3.0,8.694272994995117,0.15365587174892426,-0.028005925938487053,0.15365587174892426,9.71541976928711
0,2660.0,3.0,9.035840034484863,-0.17447306215763092,-0.1345861256122589,-0.17447306215763092,8.994117736816406
0,2680.0,3.0,8.629134178161621,-0.01988162286579609,-0.279313862323761,-0.01988162286579609,9.520540237426758
0,2700.0,3.0,9.081964492797852,0.11247437447309494,-0.0020049652084708214,0.11247437447309494,9.899901390075684
0,2720.0,3.0,8.844240188598633,0.053152285516262054,0.0017291068797931075,0.053152285516262054,8.990208625793457
0,2740.0,3.0,8.674004554748535,0.379207581281662,0.19846181571483612,0.379207581281662,8.76228141784668
0,2760.0,3.0,9.167190551757812,0.1505274623632431,0.3890688121318817,0.1505274623632431,10.33043098449707
0,2780.0,3.0,8.911359786987305,-0.3110974431037903,0.12156303972005844,-0.3110974431037903,10.185850143432617
0,2800.0,3.0,8.26835823059082,0.2865985333919525,-0.13943317532539368,0.2865985333919525,10.830891609191895
0,2820.0,3.0,8.50767707824707,-0.16362585127353668,-0.06777550280094147,-0.16362585127353668,9.392862319946289
0,2840.0,3.0,9.03257942199707,0.016992930322885513,0.0571126788854599,0.016992930322885513,10.52104663848877
0,2860.0,3.0,8.51111888885498,0.026343723759055138,0.07257767021656036,0.026343723759055138,10.670190811157227
0,2880.0,3.0,8.242401123046875,-0.045204710215330124,-0.013100887648761272,-0.045204710215330124,10.367794036865234
0,2900.0,3.0,8.704689979553223,-0.06824516505002975,0.005629181861877441,-0.06824516505002975,8.830636978149414
0,2920.0,3.0,8.454379081726074,0.08172169327735901,-0.28997987508773804,0.08172169327735901,9.931309700012207
0,2940.0,3.0,8.892144203186035,0.07362829893827438,0.04826730117201805,0.07362829893827438,9.575302124023438
0,2960.0,3.0,8.158042907714844,-0.005661326460540295,-0.08420423418283463,-0.005661326460540295,10.907561302185059
0,2980.0,3.0,8.36656665802002,0.26804500818252563,-0.2667369842529297,0.26804500818252563,10.526376724243164
0,3000.0,3.0,8.910956382751465,-0.22476203739643097,0.09787430614233017,-0.22476203739643097,10.03317928314209
0,3020.0,3.0,8.1705904006958,0.12530770897865295,-0.18114446103572845,0.12530770897865295,10.01819133758545
0,3040.0,3.0,8.747976303100586,-0.06058218330144882,-0.03001464530825615,-0.06058218330144882,9.948125839233398
0,3060.0,3.0,8.471170425415039,0.235788956284523,-0.19748114049434662,0.235788956284523,10.511004447937012
0,3080.0,3.0,8.234739303588867,0.19845587015151978,0.04706983640789986,0.19845587015151978,10.885567665100098
0,3100.0,3.0,8.995805740356445,0.04659281671047211,0.1022089272737503,0.04659281671047211,10.757210731506348
0,3120.0,3.0,8.689425468444824,0.0040893713012337685,-0.27760592103004456,0.0040893713012337685,10.995060920715332
0,3140.0,3.0,8.323854446411133,0.16305933892726898,-0.153995081782341,0.16305933892726898,10.606466293334961
0,3160.0,3.0,9.476800918579102,-0.09604231268167496,0.13238799571990967,-0.09604231268167496,10.186842918395996
0,3180.0,3.0,8.529826164245605,0.3167991042137146,0.025905223563313484,0.3167991042137146,10.481980323791504
0,3200.0,3.0,8.726816177368164,-0.0011033216724172235,-0.25337526202201843,-0.0011033216724172235,9.769550323486328
0,3220.0,3.0,9.004317283630371,-0.24753044545650482,0.2236575484275818,-0.24753044545650482,9.045584678649902
0,3240.0,3.0,8.299495697021484,0.1147361770272255,-0.1772926300764084,0.1147361770272255,10.999676704406738
0,3260.0,3.0,8.42802619934082,0.26125234365463257,0.08916919678449631,0.26125234365463257,9.565882682800293
0,3280.0,3.0,8.549019813537598,-0.035789504647254944,-0.2072678506374359,-0.035789504647254944,10.087291717529297
0,3300.0,3.0,8.021157264709473,0.26396292448043823,-0.03595392033457756,0.26396292448043823,9.498584747314453
0,3320.0,3.0,8.58617877960205,0.02201155759394169,-0.046913448721170425,0.02201155759394169,11.382887840270996
0,3340.0,3.0,8.78438663482666,-0.10016074776649475,-0.1312439739704132,-0.10016074776649475,10.236309051513672
0,3360.0,3.0,9.183159828186035,-0.07131638377904892,0.023657433688640594,-0.07131638377904892,10.207470893859863
0,3380.0,3.0,8.600318908691406,-0.10911022871732712,-0.1260317862033844,-0.10911022871732712,11.464122772216797
0,3400.0,3.0,8.680058479309082,0.10005665570497513,0.011418640613555908,0.10005665570497513,10.102561950683594
0,3420.0,3.0,8.61339282989502,0.021729011088609695,0.01942829228937626,0.021729011088609695,9.891737937927246
0,3440.0,3.0,8.6283540725708,-0.07479427754878998,-0.15901602804660797,-0.07479427754878998,10.534940719604492
0,3460.0,3.0,8.770341873168945,-0.022129332646727562,0.12277873605489731,-0.022129332646727562,10.357601165771484
0,3480.0,3.0,9.314967155456543,-0.2593977451324463,0.00622188625857234,-0.2593977451324463,9.777045249938965
0,3500.0,3.0,8.693853378295898,-0.020692769438028336,0.07474485039710999,-0.020692769438028336,9.754556655883789
0,3520.0,3.0,8.527694702148438,0.04241890460252762,-0.18247051537036896,0.04241890460252762,10.612852096557617
0,3540.0,3.0,8.959314346313477,-0.48002758622169495,0.11140186339616776,-0.48002758622169495,10.117013931274414
0,3560.0,3.0,9.00649356842041,0.05766766145825386,-0.042397163808345795,0.05766766145825386,10.259626388549805
0,3580.0,3.0,8.73145866394043,-0.03545135632157326,-0.05225212872028351,-0.03545135632157326,10.479676246643066
0,3600.0,3.0,8.420999526977539,0.2016831338405609,0.04002783074975014,0.2016831338405609,10.108856201171875
0,3620.0,3.0,8.999289512634277,0.10829171538352966,0.3963252902030945,0.10829171538352966,9.986166954040527
0,3640.0,3.0,8.481189727783203,0.17653778195381165,-0.14052027463912964,0.17653778195381165,9.670557975769043
0,3660.0,3.0,9.046211242675781,0.06214606761932373,0.05454258993268013,0.06214606761932373,9.91088581085205
0,3680.0,3.0,8.352837562561035,0.24222460389137268,-0.017923278734087944,0.24222460389137268,9.145692825317383
0,3700.0,3.0,8.675813674926758,0.06009500473737717,-0.021032370626926422,0.06009500473737717,10.385720252990723
0,3720.0,3.0,8.562179565429688,0.12390000373125076,0.09915288537740707,0.12390000373125076,10.800029754638672
0,3740.0,3.0,8.125768661499023,-0.05190635472536087,-0.16829051077365875,-0.05190635472536087,9.606242179870605
0,3760.0,3.0,8.293339729309082,-0.0026840290520340204,-0.053325723856687546,-0.0026840290520340204,9.24988842010498
0,3780.0,3.0,8.185258865356445,0.14499081671237946,0.11428561061620712,0.14499081671237946,10.297597885131836
0,3800.0,3.0,8.861339569091797,0.08967549353837967,0.42864319682121277,0.08967549353837967,10.724883079528809
0,3820.0,3.0,9.043400764465332,-0.21148449182510376,0.035151876509189606,-0.21148449182510376,10.62193489074707
0,3840.0,3.0,9.019940376281738,-0.3426513969898224,0.1298561841249466,-0.3426513969898224,9.46893310546875
0,3860.0,3.0,8.840845108032227,-0.12919645011425018,0.016262663528323174,-0.12919645011425018,8.993712425231934
0,3880.0,3.0,8.331583976745605,0.004455483052879572,-0.19929246604442596,0.004455483052879572,9.703049659729004
0,3900.0,3.0,8.921897888183594,-0.2741159200668335,-0.17349593341350555,-0.2741159200668335,10.703333854675293
0,3920.0,3.0,8.216978073120117,-0.007418608758598566,-0.1384245604276657,-0.007418608758598566,10.297293663024902
0,3940.0,3.0,9.233633041381836,-0.0924237072467804,0.3129655420780182,-0.0924237072467804,10.150279998779297
0,3960.0,3.0,9.09332275390625,-0.07742691785097122,-0.039165426045656204,-0.07742691785097122,10.013779640197754
0,3980.0,3.0,8.293353080749512,-0.08675754070281982,-0.11010768264532089,-0.08675754070281982,9.890352249145508
0,4000.0,3.0,8.562149047851562,0.05312050133943558,-0.07684607058763504,0.05312050133943558,9.657953262329102
0,4020.0,3.0,9.336417198181152,-0.12894433736801147,0.12337867170572281,-0.12894433736801147,10.524005889892578
0,4040.0,3.0,8.333938598632812,-0.0020887493155896664,-0.04319845885038376,-0.0020887493155896664,10.39481258392334
0,4060.0,3.0,8.533082962036133,-0.09110546112060547,-0.37584924697875977,-0.09110546112060547,10.109999656677246
0,4080.0,3.0,8.67366886138916,-0.010059919208288193,0.12947040796279907,-0.010059919208288193,9.516434669494629
0,4100.0,3.0,8.33759880065918,0.3631712794303894,0.2155054360628128,0.3631712794303894,10.172762870788574
0,4120.0,3.0,8.175254821777344,0.28043806552886963,0.20709319412708282,0.28043806552886963,9.701395034790039
0,4140.0,3.0,8.559141159057617,-0.07473935931921005,0.09226928651332855,-0.07473935931921005,10.241118431091309
0,4160.0,3.0,8.521657943725586,0.05617033690214157,0.27407538890838623,0.05617033690214157,9.408465385437012
0,4180.0,3.0,8.638091087341309,-0.17037925124168396,0.1450808048248291,-0.17037925124168396,9.392537117004395
0,4200.0,3.0,8.734203338623047,-0.14091047644615173,-0.13105955719947815,-0.14091047644615173,10.117231369018555
0,4220.0,3.0,8.431503295898438,0.10431481152772903,-0.0938824713230133,0.10431481152772903,10.155776977539062
0,4240.0,3.0,8.608416557312012,0.1573830097913742,0.1424703150987625,0.1573830097913742,9.286896705627441
0,4260.0,3.0,8.11124324798584,0.0600493960082531,-0.15241019427776337,0.0600493960082531,9.31284236907959
0,4280.0,3.0,8.144129753112793,0.20272302627563477,0.03726417198777199,0.20272302627563477,10.08176040649414
0,4300.0,3.0,8.62659740447998,-0.1606520712375641,0.007471545599400997,-0.1606520712375641,9.429342269897461
0,4320.0,3.0,8.766079902648926,0.1645362377166748,0.12421845644712448,0.1645362377166748,9.95484733581543
0,4340.0,3.0,8.904756546020508,-0.2043757289648056,-0.07712750136852264,-0.2043757289648056,10.134941101074219
0,4360.0,3.0,8.772068977355957,-0.007449184078723192,-0.006859974004328251,-0.007449184078723192,9.898367881774902
0,4380.0,3.0,8.748698234558105,-0.031785834580659866,0.21820643544197083,-0.031785834580659866,9.860088348388672
0,4400.0,3.0,9.169709205627441,0.04450233280658722,0.22954130172729492,0.04450233280658722,9.953296661376953
0,4420.0,3.0,8.249972343444824,-0.01266065426170826,-0.01372227631509304,-0.01266065426170826,10.220067977905273
0,4440.0,3.0,8.733099937438965,-0.1756342351436615,0.19861893355846405,-0.1756342351436615,9.438209533691406
0,4460.0,3.0,9.028295516967773,-0.09112997353076935,0.14214712381362915,-0.09112997353076935,9.667091369628906
0,4480.0,3.0,8.917824745178223,-0.005999465938657522,0.13855314254760742,-0.005999465938657522,10.306478500366211
0,4500.0,3.0,9.119688987731934,-0.12617523968219757,-0.017217818647623062,-0.12617523968219757,9.743590354919434
0,4520.0,3.0,8.584685325622559,0.08271713554859161,-0.031243929639458656,0.08271713554859161,10.19691276550293
0,4540.0,3.0,8.968438148498535,0.17338743805885315,0.20777581632137299,0.17338743805885315,10.303479194641113
0,4560.0,3.0,8.111978530883789,-0.10761550068855286,-0.16931800544261932,-0.10761550068855286,9.523514747619629
0,4580.0,3.0,8.924029350280762,-0.12432737648487091,-0.015703687444329262,-0.12432737648487091,10.996282577514648
0,4600.0,3.0,8.527362823486328,-0.14434395730495453,-0.1491222381591797,-0.14434395730495453,9.912035942077637
0,4620.0,3.0,9.12679386138916,0.16781312227249146,0.5100047588348389,0.16781312227249146,9.941184043884277
0,4640.0,3.0,8.093914031982422,-0.2053310126066208,-0.14813856780529022,-0.2053310126066208,10.036568641662598
0,4660.0,3.0,8.43540096282959,0.18850141763687134,-0.1952163279056549,0.18850141763687134,9.698800086975098
0,4680.0,3.0,8.290223121643066,0.25283318758010864,0.03702564537525177,0.25283318758010864,9.793463706970215
0,4700.0,3.0,8.767799377441406,0.27742454409599304,0.3778604567050934,0.27742454409599304,9.144524574279785
0,4720.0,3.0,8.490520477294922,-0.10648692399263382,-0.012671058066189289,-0.10648692399263382,9.490063667297363
0,4740.0,3.0,8.068023681640625,0.25286340713500977,-0.024670938029885292,0.25286340713500977,9.679603576660156
0,4760.0,3.0,8.829639434814453,-0.04348454251885414,0.051531776785850525,-0.04348454251885414,10.664688110351562
0,4780.0,3.0,8.185986518859863,0.05948035046458244,-0.09103814512491226,0.05948035046458244,9.614346504211426
0,4800.0,3.0,8.150483131408691,0.09676674753427505,-0.06633846461772919,0.09676674753427505,9.688666343688965
0,4820.0,3.0,9.09154224395752,0.05940331518650055,0.0840320885181427,0.05940331518650055,9.302416801452637
0,4840.0,3.0,8.690216064453125,0.13441485166549683,0.06367792189121246,0.13441485166549683,9.532708168029785
0,4860.0,3.0,8.167716026306152,0.14434660971164703,-0.32632845640182495,0.14434660971164703,9.275651931762695
0,4880.0,3.0,8.579793930053711,0.025260798633098602,-0.11936686933040619,0.025260798633098602,10.323752403259277
0,4900.0,3.0,8.590191841125488,0.2472621649503708,0.09062902629375458,0.2472621649503708,10.7771577835083
0,4920.0,3.0,8.958319664001465,-0.1951492428779602,-0.15731830894947052,-0.1951492428779602,9.448850631713867
0,4940.0,3.0,8.325284957885742,0.3241941034793854,-0.051763758063316345,0.3241941034793854,9.758536338806152
0,4960.0,3.0,8.942326545715332,-0.004014780279248953,-0.021526861935853958,-0.004014780279248953,10.836467742919922
0,4980.0,3.0,8.897480010986328,-0.33755648136138916,-0.1656196564435959,-0.33755648136138916,10.011783599853516
0,5000.0,3.0,8.816117286682129,-0.18863484263420105,-0.36059966683387756,-0.18863484263420105,9.67664909362793
0,5020.0,3.0,8.129584312438965,0.18859951198101044,-0.23750419914722443,0.18859951198101044,10.019457817077637
0,5040.0,3.0,8.702706336975098,0.1810901015996933,-0.06469164788722992,0.1810901015996933,10.171202659606934
0,5060.0,3.0,9.159729957580566,-0.28737106919288635,0.10087044537067413,-0.28737106919288635,11.233940124511719
0,5080.0,3.0,8.704839706420898,-0.00014031330647412688,0.1268433928489685,-0.00014031330647412688,10.192636489868164
0,5100.0,3.0,8.804059028625488,0.1220475360751152,0.2012331485748291,0.1220475360751152,9.757026672363281
0,5120.0,3.0,8.872124671936035,-0.11577069014310837,0.23788045346736908,-0.11577069014310837,9.202445030212402
0,5140.0,3.0,8.346996307373047,0.09678471833467484,-0.13746662437915802,0.09678471833467484,10.484516143798828
0,5160.0,3.0,8.721741676330566,0.0037726163864135742,-0.27462658286094666,0.0037726163864135742,9.906330108642578
0,5180.0,3.0,9.341556549072266,-0.3215451240539551,0.02643807791173458,-0.3215451240539551,10.547033309936523
0,5200.0,3.0,7.813241004943848,0.422749787569046,-0.018535424023866653,0.422749787569046,10.145770072937012
0,5220.0,3.0,8.739869117736816,-0.1945740133523941,-0.19861364364624023,-0.1945740133523941,9.446609497070312
0,5240.0,3.0,8.768619537353516,0.239283487200737,-0.020100943744182587,0.239283487200737,10.498029708862305
0,5260.0,3.0,8.89201831817627,-0.3066265881061554,-0.10313892364501953,-0.3066265881061554,9.462791442871094
0,5280.0,3.0,9.000875473022461,0.12101463228464127,0.22453346848487854,0.12101463228464127,10.285785675048828
0,5300.0,3.0,8.417036056518555,0.7522419691085815,0.37288698554039,0.7522419691085815,9.976344108581543
0,5320.0,3.0,8.36937427520752,0.016353074461221695,-0.034455593675374985,0.016353074461221695,10.144659042358398
0,5340.0,3.0,8.791540145874023,-0.04322256147861481,0.024074343964457512,-0.04322256147861481,9.745369911193848
0,5360.0,3.0,8.530019760131836,0.12860745191574097,0.11755803972482681,0.12860745191574097,10.329771995544434
0,5380.0,3.0,8.250754356384277,0.08987415581941605,-0.26507461071014404,0.08987415581941605,9.37503719329834
0,5400.0,3.0,8.83071517944336,-0.18894647061824799,0.07393865287303925,-0.18894647061824799,9.824469566345215
0,5420.0,3.0,8.713958740234375,0.15580888092517853,-0.016416363418102264,0.15580888092517853,9.591554641723633
0,5440.0,3.0,8.380021095275879,0.33841896057128906,0.18652422726154327,0.33841896057128906,9.4981107711792
0,5460.0,3.0,8.603252410888672,0.1361044943332672,0.16377833485603333,0.1361044943332672,10.936034202575684
0,5480.0,3.0,8.81674861907959,0.24837514758110046,-0.16087831556797028,0.24837514758110046,10.061593055725098
0,5500.0,3.0,8.607014656066895,0.072019562125206,0.15073221921920776,0.072019562125206,11.001481056213379
0,5520.0,3.0,8.672392845153809,-0.22839690744876862,-0.08956997096538544,-0.22839690744876862,8.901240348815918
0,5540.0,3.0,8.60153579711914,0.11392311751842499,-0.2173336297273636,0.11392311751842499,10.109217643737793
0,5560.0,3.0,8.624422073364258,-0.012553024105727673,0.1312570422887802,-0.012553024105727673,9.713164329528809
0,5580.0,3.0,8.716826438903809,0.2636394500732422,0.016374792903661728,0.2636394500732422,10.028491973876953
0,5600.0,3.0,8.52951717376709,0.01986335963010788,-0.29942652583122253,0.01986335963010788,10.612103462219238
0,5620.0,3.0,8.473735809326172,-0.04865836352109909,0.08023787289857864,-0.04865836352109909,9.936570167541504
0,5640.0,3.0,8.251087188720703,0.09275759011507034,0.006039249710738659,0.09275759011507034,9.876838684082031
0,5660.0,3.0,8.685173988342285,-0.026798231527209282,-0.07663106918334961,-0.026798231527209282,9.749213218688965
0,5680.0,3.0,8.191110610961914,0.12981466948986053,-0.24886775016784668,0.12981466948986053,9.961581230163574
0,5700.0,3.0,8.442485809326172,0.02273392491042614,-0.26550960540771484,0.02273392491042614,8.804168701171875
0,5720.0,3.0,8.966743469238281,0.024615148082375526,-0.0014103810535743833,0.024615148082375526,8.648347854614258
0,5740.0,3.0,8.630254745483398,0.23593813180923462,-0.2349153310060501,0.23593813180923462,9.670742988586426
0,5760.0,3.0,8.453944206237793,0.12496357411146164,-0.03711239621043205,0.12496357411146164,10.028767585754395
0,5780.0,3.0,8.628416061401367,-0.023544518277049065,-0.2793898284435272,-0.023544518277049065,9.303556442260742
0,5800.0,3.0,8.935141563415527,0.13884025812149048,0.3536534607410431,0.13884025812149048,9.591320991516113
0,5820.0,3.0,8.499553680419922,0.15950940549373627,-0.14268726110458374,0.15950940549373627,10.521472930908203
0,5840.0,3.0,8.446281433105469,-0.0018056054832413793,-0.2862262725830078,-0.0018056054832413793,11.23519515991211
0,5860.0,3.0,8.54628849029541,0.2610815465450287,0.2735862731933594,0.2610815465450287,9.704547882080078
0,5880.0,3.0,8.788102149963379,-0.04743276908993721,0.0001100440786103718,-0.04743276908993721,9.738487243652344
0,5900.0,3.0,8.384846687316895,0.18964783847332,0.01929859258234501,0.18964783847332,10.107358932495117
0,5920.0,3.0,8.82486343383789,0.01838143728673458,0.20662769675254822,0.01838143728673458,9.777015686035156
0,5940.0,3.0,8.530485153198242,-0.12817856669425964,-0.11962760984897614,-0.12817856669425964,9.404841423034668
0,5960.0,3.0,8.565484046936035,-0.2300444096326828,-0.2553956210613251,-0.2300444096326828,9.266446113586426
0,5980.0,3.0,8.724442481994629,-0.015592710115015507,-0.2454647719860077,-0.015592710115015507,9.895892143249512
0,6000.0,3.0,8.944148063659668,0.04540785029530525,0.19158713519573212,0.04540785029530525,10.471684455871582
0,6020.0,3.0,8.122368812561035,0.21144911646842957,-0.2451908439397812,0.21144911646842957,10.151468276977539
0,6040.0,3.0,8.701942443847656,-0.22515352070331573,0.04640498384833336,-0.22515352070331573,9.599067687988281
0,6060.0,3.0,8.36255931854248,-0.07217826694250107,-0.04057260975241661,-0.07217826694250107,9.33609390258789
0,6080.0,3.0,9.320512771606445,-0.3135484457015991,0.2134392112493515,-0.3135484457015991,9.880836486816406
0,6100.0,3.0,8.841022491455078,-0.09560520201921463,0.20105771720409393,-0.09560520201921463,10.9185152053833
0,6120.0,3.0,8.558813095092773,0.06472837179899216,0.13968606293201447,0.06472837179899216,10.391241073608398
0,6140.0,3.0,8.229415893554688,0.04143311083316803,-0.08111736178398132,0.04143311083316803,10.559103012084961
0,6160.0,3.0,8.949069023132324,-0.10634206980466843,0.12035831063985825,-0.10634206980466843,9.488157272338867
0,6180.0,3.0,8.391222953796387,0.08859111368656158,-0.1821839064359665,0.08859111368656158,10.221515655517578
0,6200.0,3.0,8.78184986114502,-0.11739826947450638,0.050146281719207764,-0.11739826947450638,10.2183198928833
0,6220.0,3.0,8.70080280303955,-0.23088401556015015,-0.012039114721119404,-0.23088401556015015,10.804157257080078
0,6240.0,3.0,8.921043395996094,-0.16562341153621674,0.20075969398021698,-0.16562341153621674,10.254852294921875
0,6260.0,3.0,9.213400840759277,-0.33938509225845337,0.15332326292991638,-0.33938509225845337,9.95494556427002
0,6280.0,3.0,9.192488670349121,-0.11350027471780777,0.04337821155786514,-0.11350027471780777,10.875088691711426
0,6300.0,3.0,9.170251846313477,-0.22459650039672852,0.1835155338048935,-0.22459650039672852,10.175737380981445
0,6320.0,3.0,8.434646606445312,0.3253709375858307,0.16956797242164612,0.3253709375858307,10.446945190429688
0,6340.0,3.0,8.511483192443848,0.19739411771297455,0.029925759881734848,0.19739411771297455,10.857243537902832
0,6360.0,3.0,8.085872650146484,0.11995401233434677,-0.05086479336023331,0.11995401233434677,10.412034034729004
0,6380.0,3.0,8.867996215820312,-0.1739870011806488,-0.003533832263201475,-0.1739870011806488,9.832164764404297
0,6400.0,3.0,8.370494842529297,0.40440285205841064,0.06809390336275101,0.40440285205841064,9.86553955078125
0,6420.0,3.0,8.758990287780762,0.2297244817018509,0.11715081334114075,0.2297244817018509,9.966689109802246
0,6440.0,3.0,8.526975631713867,-0.018764996901154518,0.07132358849048615,-0.018764996901154518,9.99108600616455
0,6460.0,3.0,8.925761222839355,-0.046926889568567276,0.10842431336641312,-0.046926889568567276,10.87313461303711
0,6480.0,3.0,8.07639217376709,0.22312286496162415,-0.042647022753953934,0.22312286496162415,9.082152366638184
0,6500.0,3.0,8.94058895111084,0.04632700979709625,0.1853570193052292,0.04632700979709625,9.637040138244629
0,6520.0,3.0,8.782139778137207,-0.13140584528446198,-0.10085280239582062,-0.13140584528446198,9.513447761535645
0,6540.0,3.0,8.675695419311523,-0.07862468808889389,-0.07886986434459686,-0.07862468808889389,10.159069061279297
0,6560.0,3.0,8.859814643859863,-0.14884550869464874,-0.0971323624253273,-0.14884550869464874,9.611889839172363
0,6580.0,3.0,8.64822769165039,0.033077869564294815,-0.12379994243383408,0.033077869564294815,9.7509765625
0,6600.0,3.0,8.116055488586426,0.2301856130361557,-0.18015192449092865,0.2301856130361557,10.504021644592285
0,6620.0,3.0,8.54378604888916,-0.19506458938121796,-0.13937386870384216,-0.19506458938121796,10.798556327819824
0,6640.0,3.0,9.09266471862793,-0.21861346065998077,0.12259144335985184,-0.21861346065998077,11.50973129272461
0,6660.0,3.0,8.575296401977539,0.226580411195755,0.07989415526390076,0.226580411195755,10.324563026428223
0,6680.0,3.0,8.469300270080566,-0.09566830098628998,-0.18912214040756226,-0.09566830098628998,9.263330459594727
0,6700.0,3.0,8.452115058898926,0.2578781545162201,0.10060589760541916,0.2578781545162201,11.316102027893066
0,6720.0,3.0,8.821557998657227,-0.1441396176815033,-0.11837664991617203,-0.1441396176815033,10.870186805725098
0,6740.0,3.0,8.787267684936523,0.03464411944150925,0.24855391681194305,0.03464411944150925,10.599884033203125
0,6760.0,3.0,8.51618766784668,-0.13489894568920135,-0.29043489694595337,-0.13489894568920135,9.920225143432617
0,6780.0,3.0,8.487543106079102,-0.12813542783260345,-0.2343870997428894,-0.12813542783260345,10.115543365478516
0,6800.0,3.0,8.879934310913086,-0.15296991169452667,0.023027801886200905,-0.15296991169452667,10.196367263793945
0,6820.0,3.0,8.754301071166992,0.02115931175649166,0.10587918758392334,0.02115931175649166,9.55776596069336
0,6840.0,3.0,9.23226547241211,-0.13386978209018707,0.020263615995645523,-0.13386978209018707,9.981801986694336
0,6860.0,3.0,9.061245918273926,-0.06400365382432938,0.26041415333747864,-0.06400365382432938,9.646197319030762
0,6880.0,3.0,8.137550354003906,0.31079909205436707,-0.27644526958465576,0.31079909205436707,10.00638198852539
0,6900.0,3.0,8.57741928100586,0.12287571281194687,-0.3930487334728241,0.12287571281194687,9.208941459655762
0,6920.0,3.0,8.52481460571289,-0.029827184975147247,-0.27330759167671204,-0.029827184975147247,9.911087036132812
0,6940.0,3.0,8.379796028137207,0.19269660115242004,-0.2368660420179367,0.19269660115242004,9.538469314575195
0,6960.0,3.0,8.378890991210938,0.618121325969696,0.03812818601727486,0.618121325969696,9.301690101623535
0,6980.0,3.0,9.069777488708496,-0.1437704861164093,-0.09112868458032608,-0.1437704861164093,10.528959274291992
0,7000.0,3.0,8.250500679016113,-0.10906408727169037,-0.47139641642570496,-0.10906408727169037,10.277828216552734
0,7020.0,3.0,8.11827564239502,0.377837210893631,-0.027197502553462982,0.377837210893631,9.979145050048828
0,7040.0,3.0,8.507735252380371,0.10446492582559586,0.10618627071380615,0.10446492582559586,10.578889846801758
0,7060.0,3.0,9.304239273071289,-0.09983329474925995,0.2441631257534027,-0.09983329474925995,10.774436950683594
0,7080.0,3.0,8.556095123291016,0.22315198183059692,-0.1440546065568924,0.22315198183059692,10.134858131408691
0,7100.0,3.0,8.27991771697998,0.30139440298080444,0.02372332476079464,0.30139440298080444,9.637951850891113
0,7120.0,3.0,8.806967735290527,-0.0976119339466095,-0.05157735198736191,-0.0976119339466095,9.541024208068848
0,7140.0,3.0,9.62067699432373,-0.19285361468791962,0.7914215326309204,-0.19285361468791962,9.75134563446045
0,7160.0,3.0,8.260773658752441,0.10513243824243546,-0.02614014968276024,0.10513243824243546,9.855084419250488
0,7180.0,3.0,8.534485816955566,0.07157336175441742,0.171805277466774,0.07157336175441742,9.611383438110352
0,7200.0,3.0,8.08700942993164,0.3648029565811157,0.24470143020153046,0.3648029565811157,9.403524398803711
0,7220.0,3.0,8.419096946716309,0.27898675203323364,0.09475602954626083,0.27898675203323364,10.02241325378418
0,7240.0,3.0,9.151457786560059,0.011937304399907589,0.10007030516862869,0.011937304399907589,8.999218940734863
0,7260.0,3.0,8.742410659790039,0.005992261692881584,-0.11269521713256836,0.005992261692881584,9.747879028320312
0,7280.0,3.0,9.022218704223633,-0.2664697766304016,-0.15437020361423492,-0.2664697766304016,9.973541259765625
0,7300.0,3.0,9.407885551452637,-0.36529019474983215,-0.1086244061589241,-0.36529019474983215,9.179966926574707
0,7320.0,3.0,8.990813255310059,-0.05705948546528816,0.17141547799110413,-0.05705948546528816,10.711185455322266
0,7340.0,3.0,8.379307746887207,0.1410214900970459,-0.13893857598304749,0.1410214900970459,9.535965919494629
0,7360.0,3.0,8.375948905944824,0.270304411649704,-0.046162303537130356,0.270304411649704,10.431645393371582
0,7380.0,3.0,8.548478126525879,0.08782234787940979,-0.009982994757592678,0.08782234787940979,10.321540832519531
0,7400.0,3.0,9.405660629272461,-0.3625923693180084,0.14521433413028717,-0.3625923693180084,9.398283004760742
0,7420.0,3.0,8.33975887298584,-0.17448806762695312,-0.2767344117164612,-0.17448806762695312,9.583898544311523
0,7440.0,3.0,8.470708847045898,0.051716044545173645,0.06625666469335556,0.051716044545173645,10.121353149414062
0,7460.0,3.0,8.472317695617676,0.11253003776073456,-0.06512580066919327,0.11253003776073456,10.016119003295898
0,7480.0,3.0,8.692282676696777,0.015023722313344479,-0.17147420346736908,0.015023722313344479,10.096383094787598
0,7500.0,3.0,8.894107818603516,-0.09007574617862701,0.09749134629964828,-0.09007574617862701,9.106459617614746
0,7520.0,3.0,8.063397407531738,0.32245537638664246,-0.04561460763216019,0.32245537638664246,9.821625709533691
0,7540.0,3.0,8.336076736450195,0.1783759593963623,-0.18719802796840668,0.1783759593963623,9.48937702178955
0,7560.0,3.0,8.971007347106934,0.13378296792507172,0.23397572338581085,0.13378296792507172,10.348433494567871
0,7580.0,3.0,8.735374450683594,0.31187552213668823,0.01903364807367325,0.31187552213668823,10.96379280090332
0,7600.0,3.0,9.172186851501465,-0.09336923807859421,0.2337799370288849,-0.09336923807859421,9.421832084655762
0,7620.0,3.0,8.550274848937988,-0.019009646028280258,-0.29792943596839905,-0.019009646028280258,10.558517456054688
0,7640.0,3.0,8.61282730102539,0.12096810340881348,0.03063400648534298,0.12096810340881348,9.886268615722656
0,7660.0,3.0,8.61667537689209,-0.31095361709594727,-0.37258321046829224,-0.31095361709594727,8.988112449645996
0,7680.0,3.0,8.811559677124023,0.13204994797706604,0.1401205211877823,0.13204994797706604,11.555075645446777
0,7700.0,3.0,8.171687126159668,0.14931544661521912,0.0816260352730751,0.14931544661521912,10.253554344177246
0,7720.0,3.0,8.976469039916992,0.05449538305401802,0.3746557831764221,0.05449538305401802,10.611579895019531
0,7740.0,3.0,7.982421875,0.22613544762134552,-0.06795760989189148,0.22613544762134552,9.646803855895996
0,7760.0,3.0,8.363679885864258,0.10424306988716125,-0.2118687480688095,0.10424306988716125,9.414874076843262
0,7780.0,3.0,7.9514875411987305,0.21059106290340424,0.06955710798501968,0.21059106290340424,9.732237815856934
0,7800.0,3.0,8.840723991394043,-0.006830722093582153,0.03655671328306198,-0.006830722093582153,10.350460052490234
0,7820.0,3.0,8.688919067382812,-0.1451791673898697,-0.058985430747270584,-0.1451791673898697,10.216842651367188
0,7840.0,3.0,8.888965606689453,-0.1020495668053627,0.30488303303718567,-0.1020495668053627,10.5070219039917
0,7860.0,3.0,8.062518119812012,0.20319561660289764,-0.1503393054008484,0.20319561660289764,9.27000617980957
0,7880.0,3.0,8.75881576538086,0.2563580572605133,0.11590778082609177,0.2563580572605133,10.253829956054688
0,7900.0,3.0,8.51626968383789,0.20411287248134613,-0.017836380749940872,0.20411287248134613,10.292878150939941
0,7920.0,3.0,8.479331970214844,-0.15173007547855377,-0.0455210842192173,-0.15173007547855377,10.169632911682129
0,7940.0,3.0,8.599092483520508,0.01908073201775551,-0.18113833665847778,0.01908073201775551,9.507102012634277
0,7960.0,3.0,8.666664123535156,-0.15384134650230408,-0.16506022214889526,-0.15384134650230408,9.853941917419434
0,7980.0,3.0,8.49844741821289,0.02315448969602585,-0.03064967878162861,0.02315448969602585,10.733455657958984
0,8000.0,3.0,8.642966270446777,0.13412968814373016,0.022674240171909332,0.13412968814373016,9.270528793334961
0,8020.0,3.0,8.374982833862305,0.21409010887145996,-0.015048149973154068,0.21409010887145996,10.129623413085938
0,8040.0,3.0,8.84909725189209,0.22066742181777954,0.08489686995744705,0.22066742181777954,9.775083541870117
0,8060.0,3.0,8.333027839660645,0.18922998011112213,-0.36662426590919495,0.18922998011112213,9.5392484664917
0,8080.0,3.0,8.653084754943848,-0.1484547108411789,-0.07640400528907776,-0.1484547108411789,10.442535400390625
0,8100.0,3.0,8.600555419921875,0.0154804028570652,-0.00650516152381897,0.0154804028570652,9.955643653869629
0,8120.0,3.0,8.61141586303711,0.2194993495941162,-0.042397793382406235,0.2194993495941162,10.216629981994629
0,8140.0,3.0,8.89707088470459,0.0024901190772652626,0.20609307289123535,0.0024901190772652626,10.3751802444458
0,8160.0,3.0,8.292530059814453,0.03448164463043213,-0.17136934399604797,0.03448164463043213,10.367019653320312
0,8180.0,3.0,8.486262321472168,-0.02532433718442917,0.021035170182585716,-0.02532433718442917,9.737326622009277
0,8200.0,3.0,9.320724487304688,-0.19044457376003265,0.08357883989810944,-0.19044457376003265,10.229798316955566
0,8220.0,3.0,8.126638412475586,0.37950268387794495,-0.06776691973209381,0.37950268387794495,10.177403450012207
0,8240.0,3.0,9.016942024230957,-0.002446077298372984,0.1667226105928421,-0.002446077298372984,10.153570175170898
0,8260.0,3.0,8.342575073242188,-0.137867733836174,-0.253405898809433,-0.137867733836174,9.711283683776855
0,8280.0,3.0,8.603958129882812,-0.05153356119990349,-0.05991743505001068,-0.05153356119990349,9.133244514465332
0,8300.0,3.0,8.343820571899414,-0.07460227608680725,-0.000990315224044025,-0.07460227608680725,9.459417343139648
0,8320.0,3.0,8.454599380493164,0.02060672454535961,0.1513819396495819,0.02060672454535961,9.951056480407715
0,8340.0,3.0,8.59274959564209,-0.27291110157966614,-0.19583961367607117,-0.27291110157966614,9.568989753723145
0,8360.0,3.0,8.872841835021973,-0.15334317088127136,0.024797264486551285,-0.15334317088127136,11.092489242553711
0,8380.0,3.0,8.97719955444336,-0.11100020259618759,0.12121876329183578,-0.11100020259618759,10.197105407714844
0,8400.0,3.0,8.662792205810547,0.04297260940074921,0.1397312581539154,0.04297260940074921,10.546576499938965
0,8420.0,3.0,8.893758773803711,-0.10832956433296204,0.11998019367456436,-0.10832956433296204,10.122618675231934
0,8440.0,3.0,8.03316879272461,0.017461951822042465,-0.16017243266105652,0.017461951822042465,10.34583568572998
0,8460.0,3.0,9.167338371276855,-0.16854771971702576,-0.012073357589542866,-0.16854771971702576,9.8340482711792
0,8480.0,3.0,8.530963897705078,0.237904891371727,0.050350405275821686,0.237904891371727,10.321338653564453
0,8500.0,3.0,8.534514427185059,0.015259583480656147,-0.012202064506709576,0.015259583480656147,10.041718482971191
0,8520.0,3.0,9.145491600036621,-0.0931825116276741,0.27207469940185547,-0.0931825116276741,10.324629783630371
0,8540.0,3.0,9.089004516601562,-0.29236963391304016,-0.052336860448122025,-0.29236963391304016,10.788435935974121
0,8560.0,3.0,8.4425687789917,-0.07567056268453598,0.048449333757162094,-0.07567056268453598,10.269906044006348
0,8580.0,3.0,8.860139846801758,-0.06160961091518402,0.07881037145853043,-0.06160961091518402,10.594613075256348
0,8600.0,3.0,8.725801467895508,-0.04328807070851326,-0.04219130426645279,-0.04328807070851326,10.133594512939453
0,8620.0,3.0,8.802212715148926,0.03677365556359291,0.13638265430927277,0.03677365556359291,10.13770580291748
0,8640.0,3.0,8.414628028869629,-0.02050529606640339,-0.1930357813835144,-0.02050529606640339,9.72018051147461
0,8660.0,3.0,8.33796215057373,0.11798439919948578,-0.007272120099514723,0.11798439919948578,9.408306121826172
0,8680.0,3.0,8.763439178466797,-0.10642064362764359,-0.055511679500341415,-0.10642064362764359,9.70493221282959
0,8700.0,3.0,9.167521476745605,0.04939468577504158,0.2503461241722107,0.04939468577504158,8.833399772644043
0,8720.0,3.0,8.104704856872559,0.17082375288009644,-0.131252259016037,0.17082375288009644,9.900988578796387
0,8740.0,3.0,8.31241512298584,-0.1334415227174759,-0.10204510390758514,-0.1334415227174759,10.041213035583496
0,8760.0,3.0,8.298848152160645,0.13750410079956055,0.09056319296360016,0.13750410079956055,9.47291088104248
0,8780.0,3.0,8.637782096862793,0.40106311440467834,0.09566713869571686,0.40106311440467834,9.630227088928223
0,8800.0,3.0,8.085941314697266,0.1715882420539856,-0.29887914657592773,0.1715882420539856,10.791706085205078
0,8820.0,3.0,8.733139991760254,-0.05669518560171127,-0.14123395085334778,-0.05669518560171127,10.5630464553833
0,8840.0,3.0,8.379063606262207,0.04163501411676407,0.09122920036315918,0.04163501411676407,11.012946128845215
0,8860.0,3.0,8.651354789733887,0.07353724539279938,0.0462038479745388,0.07353724539279938,10.668564796447754
0,8880.0,3.0,9.064277648925781,0.2471916228532791,0.17149455845355988,0.2471916228532791,10.640876770019531
0,8900.0,3.0,8.578597068786621,0.11946534365415573,-0.2523576319217682,0.11946534365415573,10.887601852416992
0,8920.0,3.0,9.02956771850586,-0.03697802871465683,0.032477714121341705,-0.03697802871465683,9.10603141784668
0,8940.0,3.0,8.774635314941406,-0.24741844832897186,0.0307471863925457,-0.24741844832897186,9.932332992553711
0,8960.0,3.0,8.403562545776367,0.16136710345745087,-0.2573358714580536,0.16136710345745087,9.582569122314453
0,8980.0,3.0,8.742841720581055,0.1700645387172699,0.04899302497506142,0.1700645387172699,10.696120262145996
0,9000.0,3.0,9.293351173400879,-0.126613050699234,0.06401682645082474,-0.126613050699234,10.336584091186523
0,9020.0,3.0,8.95549201965332,0.08827356994152069,0.29910996556282043,0.08827356994152069,10.31468391418457
0,9040.0,3.0,9.87622356414795,-0.32061585783958435,0.025792669504880905,-0.32061585783958435,10.078330039978027
0,9060.0,3.0,8.523396492004395,0.16720199584960938,-0.10933835059404373,0.16720199584960938,9.292037010192871
0,9080.0,3.0,9.094045639038086,-0.06757252663373947,0.46983450651168823,-0.06757252663373947,9.97297477722168
0,9100.0,3.0,8.683740615844727,0.04403477907180786,0.1302562654018402,0.04403477907180786,10.848660469055176
0,9120.0,3.0,8.532492637634277,-0.08803291618824005,-0.14784537255764008,-0.08803291618824005,9.335887908935547
0,9140.0,3.0,8.830842018127441,-0.04899280145764351,0.28223198652267456,-0.04899280145764351,10.436613082885742
0,9160.0,3.0,8.327672004699707,-0.2856552004814148,-0.3627612292766571,-0.2856552004814148,9.837414741516113
0,9180.0,3.0,9.153106689453125,-0.24007876217365265,-0.023977739736437798,-0.24007876217365265,9.755249977111816
0,9200.0,3.0,8.93161392211914,-0.17093636095523834,0.020535478368401527,-0.17093636095523834,10.544215202331543
0,9220.0,3.0,8.536866188049316,-0.023289045318961143,0.008953901007771492,-0.023289045318961143,9.367229461669922
0,9240.0,3.0,8.571388244628906,0.09778764098882675,-0.2762198746204376,0.09778764098882675,10.593969345092773
0,9260.0,3.0,8.685283660888672,-0.0812397301197052,-0.11516625434160233,-0.0812397301197052,9.103889465332031
0,9280.0,3.0,8.32960033416748,0.0520852692425251,0.15214718878269196,0.0520852692425251,9.223164558410645
0,9300.0,3.0,8.226569175720215,0.29074257612228394,-0.010405803099274635,0.29074257612228394,10.404248237609863
0,9320.0,3.0,8.993011474609375,0.1386672407388687,0.11161158978939056,0.1386672407388687,10.737991333007812
0,9340.0,3.0,8.816678047180176,0.017940793186426163,-0.040460389107465744,0.017940793186426163,9.256257057189941
0,9360.0,3.0,8.044729232788086,-0.1038617268204689,-0.5907521843910217,-0.1038617268204689,9.281237602233887
0,9380.0,3.0,8.495573043823242,0.23761799931526184,0.16313952207565308,0.23761799931526184,10.1326322555542
0,9400.0,3.0,8.498249053955078,0.08519673347473145,-0.1024555042386055,0.08519673347473145,9.340545654296875
0,9420.0,3.0,8.257085800170898,0.10106275230646133,-0.08781102299690247,0.10106275230646133,9.68747615814209
0,9440.0,3.0,8.856428146362305,0.20107293128967285,0.23710879683494568,0.20107293128967285,11.615015983581543
0,9460.0,3.0,8.906431198120117,-0.10807676613330841,0.3246210217475891,-0.10807676613330841,10.425134658813477
0,9480.0,3.0,9.01323413848877,0.035186655819416046,0.29659339785575867,0.035186655819416046,10.825770378112793
0,9500.0,3.0,8.302661895751953,-0.11464873701334,-0.2621647119522095,-0.11464873701334,9.643020629882812
0,9520.0,3.0,8.397956848144531,0.055691417306661606,0.07250655442476273,0.055691417306661606,9.804173469543457
0,9540.0,3.0,8.553744316101074,0.26612624526023865,-0.09897862374782562,0.26612624526023865,10.411211967468262
0,9560.0,3.0,8.85312557220459,0.06477562338113785,0.04775245860219002,0.06477562338113785,9.88499927520752
0,9580.0,3.0,9.003839492797852,-0.00803037453442812,-0.07356823235750198,-0.00803037453442812,9.796442031860352
0,9600.0,3.0,8.46955680847168,-0.053145281970500946,-0.09931408613920212,-0.053145281970500946,9.809211730957031
0,9620.0,3.0,8.493402481079102,0.14967601001262665,0.00714247627183795,0.14967601001262665,9.844749450683594
0,9640.0,3.0,9.01237964630127,0.01959346979856491,0.10902447998523712,0.01959346979856491,9.290576934814453
0,9660.0,3.0,9.072386741638184,0.012337553314864635,0.33892056345939636,0.012337553314864635,9.431913375854492
0,9680.0,3.0,8.36966609954834,0.04980291426181793,-0.3884120285511017,0.04980291426181793,11.165071487426758
0,9700.0,3.0,9.053816795349121,-0.19367796182632446,0.13198834657669067,-0.19367796182632446,9.984814643859863
0,9720.0,3.0,8.768075942993164,-0.35964420437812805,-0.10038827359676361,-0.35964420437812805,10.602407455444336
0,9740.0,3.0,8.065020561218262,0.261894166469574,0.03047824278473854,0.261894166469574,10.6317138671875
0,9760.0,3.0,8.95107650756836,-0.2862352430820465,0.013326829299330711,-0.2862352430820465,9.783669471740723
0,9780.0,3.0,8.365501403808594,0.21741390228271484,-0.392770379781723,0.21741390228271484,10.193497657775879
0,9800.0,3.0,8.39340877532959,-0.05627195164561272,-0.12143147736787796,-0.05627195164561272,9.49203109741211
0,9820.0,3.0,8.192935943603516,0.04440087452530861,-0.2553173005580902,0.04440087452530861,9.345666885375977
0,9840.0,3.0,8.936663627624512,0.14657340943813324,0.25553664565086365,0.14657340943813324,10.376487731933594
0,9860.0,3.0,7.998111724853516,0.37423571944236755,-0.29941970109939575,0.37423571944236755,10.426297187805176
0,9880.0,3.0,8.801982879638672,0.14734461903572083,0.17074880003929138,0.14734461903572083,9.727771759033203
0,9900.0,3.0,8.688912391662598,0.08368398994207382,-0.16156084835529327,0.08368398994207382,9.90306568145752
0,9920.0,3.0,8.736066818237305,0.12466144561767578,0.16340719163417816,0.12466144561767578,9.399396896362305
0,9940.0,3.0,8.790594100952148,-0.00952601432800293,0.14229440689086914,-0.00952601432800293,10.321127891540527
0,9960.0,3.0,8.683526992797852,0.18601588904857635,-0.09035272151231766,0.18601588904857635,10.63947868347168
0,9980.0,3.0,9.2559232711792,-0.30619776248931885,0.12229163199663162,-0.30619776248931885,9.53726577758789
0,10000.0,3.0,9.084074020385742,-0.2785507142543793,-0.0328044667840004,-0.2785507142543793,9.966887474060059
0,10020.0,3.0,8.554182052612305,0.09263189882040024,-0.04060482978820801,0.09263189882040024,9.422005653381348
0,10040.0,3.0,8.7190523147583,0.026950959116220474,-0.09064102917909622,0.026950959116220474,10.504085540771484
0,10060.0,3.0,9.719972610473633,-0.27973201870918274,0.0683983638882637,-0.27973201870918274,10.240777015686035
0,10080.0,3.0,8.681053161621094,0.1846775859594345,0.08497629314661026,0.1846775859594345,9.91231632232666
0,10100.0,3.0,8.589597702026367,0.12799492478370667,0.15180636942386627,0.12799492478370667,10.71651554107666
0,10120.0,3.0,8.198673248291016,0.25983625650405884,-0.2541782855987549,0.25983625650405884,9.086541175842285
0,10140.0,3.0,8.860024452209473,-0.5099605321884155,-0.01352794747799635,-0.5099605321884155,9.63138198852539
0,10160.0,3.0,8.296083450317383,-0.22311557829380035,0.040392834693193436,-0.22311557829380035,9.640031814575195
0,10180.0,3.0,8.939416885375977,0.2348615676164627,0.3629645109176636,0.2348615676164627,9.769684791564941
0,10200.0,3.0,8.726865768432617,0.27818694710731506,0.14784649014472961,0.27818694710731506,10.129420280456543
0,10220.0,3.0,8.860507011413574,-0.02735568769276142,0.13305531442165375,-0.02735568769276142,10.458806037902832
0,10240.0,3.0,8.27054214477539,-0.015195426531136036,-0.032562777400016785,-0.015195426531136036,10.008273124694824
0,10260.0,3.0,9.324586868286133,-0.1229703351855278,0.15280452370643616,-0.1229703351855278,10.213237762451172
0,10280.0,3.0,8.293548583984375,0.15674830973148346,-0.13621646165847778,0.15674830973148346,9.84780216217041
0,10300.0,3.0,9.109700202941895,-0.22787708044052124,-0.21551506221294403,-0.22787708044052124,10.06794548034668
0,10320.0,3.0,8.70067024230957,-0.054956670850515366,0.020927930250763893,-0.054956670850515366,8.997820854187012
0,10340.0,3.0,8.480195999145508,-0.2898106276988983,-0.1259603202342987,-0.2898106276988983,10.009328842163086
0,10360.0,3.0,8.598649024963379,0.08108631521463394,-0.28153494000434875,0.08108631521463394,10.397441864013672
0,10380.0,3.0,8.488017082214355,0.05593673512339592,-0.1514320969581604,0.05593673512339592,10.028244018554688
0,10400.0,3.0,8.441534042358398,0.06028101593255997,-0.08818251639604568,0.06028101593255997,10.635868072509766
0,10420.0,3.0,8.934418678283691,0.02341742441058159,0.2877140939235687,0.02341742441058159,11.434958457946777
0,10440.0,3.0,8.37509822845459,-0.07363724708557129,-0.31452104449272156,-0.07363724708557129,11.751255989074707
0,10460.0,3.0,8.501358985900879,0.2364465296268463,-0.027715710923075676,0.2364465296268463,10.227960586547852
0,10480.0,3.0,8.399673461914062,-0.015269688330590725,-0.07552332431077957,-0.015269688330590725,10.477951049804688
0,10500.0,3.0,8.664185523986816,-0.12097363919019699,0.07838710397481918,-0.12097363919019699,9.178791046142578
0,10520.0,3.0,9.119958877563477,-0.30290767550468445,0.1496591717004776,-0.30290767550468445,9.779563903808594
0,10540.0,3.0,8.307740211486816,-0.01940021850168705,0.03955112397670746,-0.01940021850168705,9.93930721282959
0,10560.0,3.0,8.748310089111328,-0.33633336424827576,-0.3173327147960663,-0.33633336424827576,9.480552673339844
0,10580.0,3.0,8.18470573425293,0.016327278688549995,-0.2583599388599396,0.016327278688549995,9.321675300598145
0,10600.0,3.0,9.249210357666016,-0.1011069267988205,-0.09485041350126266,-0.1011069267988205,10.478446960449219
0,10620.0,3.0,9.147022247314453,-0.06179047375917435,0.10593926161527634,-0.06179047375917435,9.967757225036621
0,10640.0,3.0,8.930099487304688,-0.27905595302581787,-0.2373431771993637,-0.27905595302581787,10.008461952209473
0,10660.0,3.0,9.006954193115234,0.3135739266872406,0.16496095061302185,0.3135739266872406,9.362105369567871
0,10680.0,3.0,8.435111045837402,-0.02607766166329384,-0.14812110364437103,-0.02607766166329384,9.909653663635254
0,10700.0,3.0,9.327519416809082,-0.1321258395910263,-0.05080924555659294,-0.1321258395910263,9.657112121582031
0,10720.0,3.0,8.129142761230469,0.13111074268817902,-0.18897859752178192,0.13111074268817902,10.80344009399414
0,10740.0,3.0,9.117302894592285,-0.02636926993727684,0.11816176772117615,-0.02636926993727684,11.129785537719727
0,10760.0,3.0,8.614665031433105,0.2023209184408188,-0.02296959049999714,0.2023209184408188,9.46290111541748
0,10780.0,3.0,9.024332046508789,0.06971696764230728,0.24046429991722107,0.06971696764230728,8.70637035369873
0,10800.0,3.0,8.58798885345459,-0.21927814185619354,-0.15547089278697968,-0.21927814185619354,10.763364791870117
0,10820.0,3.0,8.272598266601562,0.15803878009319305,-0.04520396515727043,0.15803878009319305,10.788233757019043
0,10840.0,3.0,8.686521530151367,-0.019475813955068588,0.05835263803601265,-0.019475813955068588,10.245501518249512
0,10860.0,3.0,8.619656562805176,0.17603813111782074,0.16813279688358307,0.17603813111782074,9.137730598449707
0,10880.0,3.0,8.507161140441895,0.020906507968902588,-0.12964239716529846,0.020906507968902588,10.141783714294434
0,10900.0,3.0,8.820533752441406,-0.006761858705431223,-0.014555712230503559,-0.006761858705431223,9.147921562194824
0,10920.0,3.0,8.783310890197754,-0.08283840119838715,-0.01613459549844265,-0.08283840119838715,9.916805267333984
0,10940.0,3.0,8.477603912353516,-0.16331566870212555,-0.056192994117736816,-0.16331566870212555,9.293953895568848
0,10960.0,3.0,8.335441589355469,-0.23317047953605652,-0.23194186389446259,-0.23317047953605652,9.676309585571289
0,10980.0,3.0,9.159184455871582,0.015560050494968891,0.14196138083934784,0.015560050494968891,10.144316673278809
0,11000.0,3.0,8.927099227905273,-0.10901498794555664,-0.15222148597240448,-0.10901498794555664,9.74737548828125
0,11020.0,3.0,8.3395357131958,0.17083390057086945,0.0545792356133461,0.17083390057086945,10.177886009216309
0,11040.0,3.0,8.326224327087402,0.02743322029709816,-0.2108074128627777,0.02743322029709816,9.680588722229004
0,11060.0,3.0,8.698315620422363,-0.1463197022676468,-0.1313328593969345,-0.1463197022676468,10.33100700378418
0,11080.0,3.0,8.24843692779541,0.22904087603092194,0.07030137628316879,0.22904087603092194,10.045004844665527
0,11100.0,3.0,8.85646915435791,-0.14167261123657227,-0.0562487468123436,-0.14167261123657227,9.489456176757812
0,11120.0,3.0,8.09017276763916,0.07413261383771896,-0.20886355638504028,0.07413261383771896,9.663305282592773
0,11140.0,3.0,9.415786743164062,-0.0019693970680236816,0.52851802110672,-0.0019693970680236816,9.893033027648926
0,11160.0,3.0,7.534088134765625,0.1280907392501831,-0.1482044756412506,0.1280907392501831,9.827396392822266
0,11180.0,3.0,8.684911727905273,0.08445467799901962,0.03689019754528999,0.08445467799901962,11.254987716674805
0,11200.0,3.0,8.913948059082031,-0.06108967587351799,-0.07531221210956573,-0.06108967587351799,11.239914894104004
0,11220.0,3.0,9.071778297424316,-0.10298141837120056,-0.011595229618251324,-0.10298141837120056,10.245402336120605
0,11240.0,3.0,8.845738410949707,0.04918878898024559,-0.1817237287759781,0.04918878898024559,10.579510688781738
0,11260.0,3.0,8.194911003112793,0.028710084035992622,-0.4150756597518921,0.028710084035992622,8.818293571472168
0,11280.0,3.0,8.865755081176758,-0.003794900607317686,0.10247825086116791,-0.003794900607317686,10.889998435974121
0,11300.0,3.0,8.525527000427246,0.1544070541858673,-0.08603096008300781,0.1544070541858673,8.641291618347168
0,11320.0,3.0,8.802370071411133,-0.29020416736602783,-0.041038911789655685,-0.29020416736602783,10.067461967468262
0,11340.0,3.0,9.638718605041504,-0.21258242428302765,0.41916313767433167,-0.21258242428302765,10.510211944580078
0,11360.0,3.0,8.402788162231445,0.05256325379014015,-0.21710805594921112,0.05256325379014015,10.149797439575195
0,11380.0,3.0,8.482791900634766,0.014660407789051533,-0.0737251490354538,0.014660407789051533,9.20986270904541
0,11400.0,3.0,8.581084251403809,-0.03283800929784775,-0.17081288993358612,-0.03283800929784775,10.455391883850098
0,11420.0,3.0,7.796285152435303,0.26380985975265503,-0.06357638537883759,0.26380985975265503,9.988175392150879
0,11440.0,3.0,8.397583961486816,-0.0894491970539093,-0.12960855662822723,-0.0894491970539093,11.954278945922852
0,11460.0,3.0,7.684657096862793,-0.08323356509208679,-0.4114578366279602,-0.08323356509208679,9.915487289428711
0,11480.0,3.0,8.53205394744873,0.31256017088890076,0.15575341880321503,0.31256017088890076,9.253491401672363
0,11500.0,3.0,7.8797149658203125,0.26061099767684937,-0.2027023434638977,0.26061099767684937,9.604278564453125
