ptprf,ctnna1,znf207,psmd4,dctn2,acta2,atp6v1f,gnpat,vwf,plod3,polr2g,gmfb,nol7,fam20b,ap3b1,hsph1,tfrc,parp1,dap3,thy1,kpnb1,lsm2,hgs,creb3l2,cap2,sae1,c8orf33,parp12,ptcd1,lage3,slc41a3,chst4,plvap
7.799,7.026,7.151,8.993,8.211,9.162,8.243,9.341,6.133,7.466,7.281,5.832,8.854,5.846,4.361,7.193,9.03,7.103,8.207,4.762,8.744,5.139,6.773,8.684,5.661,7.973,4.901,6.569,5.885,5.587,5.216,4.086,6.828
7.437,7.647,7.039,9.277,8.859,8.083,8.1,9.37,5.045,6.821,7.39,5.443,10.033,4.878,3.976,7.992,10.171,7.464,8.595,3.588,8.665,6.01,6.112,8.236,4.255,9.186,4.638,7.711,5.923,6.744,5.603,3.834,4.809
7.492,7.081,7.749,8.549,7.889,9.236,7.895,8.435,6.349,7.319,6.76,5.034,8.685,5.553,4.036,7.42,8.25,6.074,8.196,5.248,8.016,5.545,6.877,7.353,4.887,6.96,5.958,7.244,5.845,6.169,5.101,4.203,7.556
6.51,6.664,7.136,8.294,7.972,8.67,7.955,8.089,4.496,6.792,6.588,3.762,8.302,5.482,4.18,7.66,7.598,5.698,7.494,3.991,7.843,5.093,6.755,6.819,3.812,6.152,5.12,5.804,5.73,5.319,4.981,5.186,4.643
6.623,7.526,7.433,9.567,8.751,10.309,7.592,10.05,7.069,7.608,7.847,5.455,9.437,5.19,5.548,9.014,8.345,6.965,8.748,6.075,9.439,5.596,7.529,8.15,6.3,6.961,5.61,6.932,5.738,7.491,5.767,3.88,4.642
6.803,4.961,5.905,8.162,7.655,5.582,7.868,8.061,4.254,6.737,6.369,3.421,6.854,5.075,4.512,6.323,7.978,5.564,6.719,5.036,7.885,4.995,6.754,6.947,4.392,5.147,4.425,6.145,5.02,5.009,4.796,4.376,4.15
6.819,6.993,7.604,8.305,7.84,8.308,7.723,8.58,5.346,7.023,6.857,4.342,8.284,5.632,3.941,7.558,8.143,5.955,7.794,4.231,7.958,4.636,6.389,6.768,4.544,6.243,5.02,6.044,5.295,5.774,5.365,5.243,4.217
7.182,6.403,6.36,8.503,7.659,7.906,7.703,8.042,4.278,7.263,6.226,3.482,7.716,4.847,3.896,7.273,7.714,6.09,7.747,3.899,8.378,5.286,6.978,6.785,4.708,6.024,4.842,6.071,5.136,5.321,4.671,4.768,4.104
7.62,7.233,8.112,10.186,8.134,10.383,8.909,8.936,5.619,8.554,7.425,4.592,9.675,6.91,4.642,8.113,8.464,6.468,8.439,5.817,9.46,5.949,8.848,8.657,8.649,7.644,6.602,7.867,6.731,5.437,5.592,4.077,6.473
7.952,5.838,6.007,8.083,7.806,7.78,7.235,8.309,4.549,7.619,5.945,3.685,8.102,4.682,4.984,6.407,7.205,5.188,6.833,3.999,9.023,4.233,7.254,7.191,3.976,5.435,4.772,6.111,5.52,5.696,5.151,5.651,4.429
6.779,6.717,6.848,8.343,7.925,8.962,7.525,8.287,4.559,7.193,6.579,4.228,8.164,4.975,4.125,8.172,7.686,5.764,7.358,3.848,8.0,4.488,6.894,7.16,3.925,6.123,4.962,6.585,5.419,5.533,5.036,6.324,4.104
6.269,7.06,7.072,8.529,7.005,7.752,7.829,8.533,5.011,7.683,7.379,4.586,8.256,5.198,4.181,7.705,6.784,5.628,6.821,3.768,7.587,4.203,6.636,7.205,4.632,5.796,4.67,5.667,5.191,5.333,5.089,4.741,4.338
6.617,6.502,7.773,9.38,8.353,7.376,8.284,9.188,6.36,7.931,6.772,5.569,8.773,5.53,4.505,8.521,8.415,7.218,8.144,3.655,9.012,5.243,7.436,8.063,5.455,6.959,5.542,8.192,6.145,5.646,4.61,4.24,6.661
7.007,6.642,6.875,8.242,7.762,8.019,7.44,8.397,4.255,7.495,7.303,4.199,8.22,5.678,4.037,7.613,7.836,6.083,7.473,3.891,8.179,5.329,6.959,7.241,4.233,6.229,5.226,6.019,5.341,5.928,4.938,5.242,4.025
7.295,7.054,7.339,8.383,8.202,8.31,7.812,8.383,5.179,7.31,7.281,3.874,8.097,5.203,4.144,6.935,10.164,6.51,8.097,3.775,8.214,4.593,6.635,5.853,4.453,6.503,5.365,6.343,5.759,5.649,4.797,4.828,4.551
6.669,6.742,6.985,8.407,7.853,8.241,7.482,8.346,4.731,7.076,6.489,4.361,7.788,5.358,3.797,7.771,8.139,5.898,7.534,3.974,8.283,4.965,6.965,7.371,4.486,6.305,5.024,5.645,5.212,5.659,5.09,5.63,4.682
6.705,8.719,8.46,9.725,8.15,6.971,7.866,10.084,6.086,7.146,7.032,5.627,9.652,6.495,5.413,8.495,7.679,7.44,8.458,3.813,8.584,6.483,8.388,7.504,5.655,7.313,5.467,6.379,5.316,6.718,6.374,4.061,4.621
6.474,7.223,7.415,8.392,7.768,9.292,7.906,8.494,5.957,7.565,7.087,4.396,8.111,5.338,4.259,7.255,7.486,5.784,7.579,4.423,8.405,4.82,6.663,6.965,4.429,6.298,5.28,5.941,5.367,5.416,5.022,5.355,4.891
6.317,6.111,6.493,8.425,7.474,8.707,7.712,8.389,4.532,7.281,6.717,3.397,7.767,5.053,4.575,6.724,6.744,5.952,7.672,4.277,8.287,4.926,5.631,6.893,4.278,6.519,4.397,6.152,5.004,5.091,4.926,5.097,4.434
6.523,7.01,7.339,8.092,8.056,8.853,7.93,8.417,4.242,7.754,6.831,5.053,7.979,5.304,3.951,8.195,7.759,6.337,7.548,4.357,8.38,5.13,6.872,7.222,4.351,6.909,5.107,6.906,5.387,6.164,5.112,5.866,4.635
6.254,7.588,8.272,9.826,8.271,9.962,8.288,9.236,6.321,8.916,7.086,6.64,10.245,6.683,4.241,10.529,10.635,7.449,8.564,4.703,8.514,6.346,7.401,7.67,8.009,7.253,7.038,6.972,5.939,6.263,6.049,4.246,6.995
7.812,6.547,6.988,9.372,8.377,7.471,7.486,9.23,6.364,7.12,7.084,5.991,9.146,5.134,5.093,8.212,8.877,6.846,8.465,4.408,9.431,4.806,6.396,7.764,5.753,7.067,5.41,7.73,6.135,6.212,4.799,4.229,5.06
6.665,6.825,6.893,8.053,7.55,7.894,7.723,8.13,4.558,7.083,7.099,4.106,8.03,5.291,4.223,7.587,7.886,5.886,7.814,3.772,7.834,5.157,6.466,6.524,3.989,6.062,5.482,5.98,5.079,5.386,5.103,5.047,4.218
6.413,7.006,7.581,8.157,7.962,7.608,7.673,8.395,4.944,7.493,7.247,4.454,8.278,5.63,4.353,7.509,7.448,6.316,7.553,4.06,8.359,5.506,6.52,7.517,4.092,6.903,5.206,6.128,5.245,5.487,5.06,5.549,4.014
5.604,7.447,7.156,10.099,8.242,9.519,8.228,10.008,7.575,7.881,6.786,5.32,8.962,5.468,3.991,8.805,9.599,7.406,9.357,4.007,8.307,4.883,7.301,7.041,4.781,6.11,4.835,7.956,6.25,5.978,5.91,4.004,5.951
6.833,5.357,7.033,8.456,7.266,7.395,6.909,8.148,4.256,7.581,6.126,4.412,7.008,4.585,4.544,6.83,6.652,5.346,5.592,3.704,8.451,3.884,6.746,6.736,3.816,5.187,3.599,7.423,5.423,5.776,4.551,6.038,3.53
6.889,6.335,6.412,8.059,7.811,9.45,7.573,8.146,5.437,7.127,6.349,3.654,7.564,5.573,4.147,7.3,7.845,5.691,7.501,5.325,8.616,4.772,6.799,7.018,4.37,6.234,4.848,5.981,4.964,5.751,5.204,6.483,5.416
7.043,6.535,7.068,7.952,7.771,7.41,7.439,8.009,4.525,7.235,7.04,4.112,8.039,5.194,4.033,7.187,7.436,6.011,7.466,3.824,7.894,4.964,6.671,7.377,4.649,5.83,5.128,5.477,5.477,5.783,5.428,5.09,4.387
6.355,5.017,5.343,7.801,8.078,8.533,6.911,8.213,5.024,8.278,6.236,3.475,6.836,4.38,4.072,6.192,7.558,5.168,7.222,3.349,6.445,4.508,6.338,6.62,4.997,5.229,4.512,6.266,5.618,4.92,5.536,6.833,4.735
7.848,6.829,7.275,8.805,8.227,8.329,8.172,8.604,5.925,8.183,7.584,6.067,8.844,4.673,4.151,7.126,8.968,6.842,8.084,4.304,8.082,5.01,7.827,6.938,5.994,8.028,5.457,8.004,5.933,7.532,5.133,4.031,4.935
6.94,6.638,7.048,7.982,8.001,8.597,7.815,8.428,6.293,7.465,6.86,4.164,7.87,4.941,3.845,7.48,7.62,6.093,7.245,4.301,8.359,4.717,6.984,7.841,4.18,5.903,4.887,7.373,5.185,5.643,5.308,4.887,5.75
7.469,5.972,6.25,8.135,7.376,8.869,7.329,8.085,5.023,7.359,6.724,3.467,8.041,5.542,5.321,6.579,7.644,5.489,7.57,4.33,9.187,4.761,7.261,7.565,4.307,5.373,4.912,6.748,5.424,5.313,5.291,5.66,4.05
7.011,5.829,6.255,8.403,7.509,8.387,7.263,8.248,4.237,6.803,6.251,3.661,6.9,4.682,4.183,7.15,8.413,5.587,7.54,3.708,8.506,5.574,6.815,7.477,4.11,6.16,4.454,6.584,5.407,5.248,4.885,4.261,4.248
6.814,6.112,6.231,8.696,7.9,8.936,7.717,8.08,5.14,7.255,6.491,3.925,7.912,5.849,4.379,6.945,7.884,5.538,6.809,4.393,8.204,4.906,6.965,7.798,4.378,5.503,5.016,6.103,5.185,5.718,5.053,4.959,4.381
6.072,6.961,7.419,8.217,7.944,8.801,7.644,8.176,5.556,7.152,7.121,4.51,8.083,5.47,4.167,6.909,7.763,6.038,7.43,3.779,8.456,5.008,7.061,7.205,3.786,6.725,5.31,6.72,4.947,5.023,5.024,5.797,4.243
6.877,7.633,7.464,9.399,9.087,7.92,8.103,9.914,3.756,9.144,8.045,6.168,8.597,5.523,3.61,8.805,9.831,7.766,8.541,3.676,7.872,5.305,7.544,7.907,6.11,8.397,7.072,7.15,5.975,6.927,5.209,4.16,5.715
5.779,7.345,7.68,9.611,8.486,10.798,8.76,9.149,7.697,7.848,7.945,5.62,9.561,6.132,4.522,8.282,9.802,7.652,8.817,6.715,8.74,6.765,7.977,7.294,6.725,8.829,5.731,6.885,5.736,6.747,5.491,3.951,7.209
7.687,6.074,5.917,8.604,7.891,8.337,7.21,7.861,4.685,7.27,6.237,3.882,8.355,5.483,4.845,6.862,7.44,5.57,7.286,4.444,9.205,4.766,7.106,6.802,4.424,5.763,5.294,6.101,5.247,6.091,5.467,4.894,4.215
6.492,6.545,7.376,8.159,7.578,8.845,7.635,8.145,4.06,7.359,7.239,4.368,8.107,5.585,3.79,7.23,7.519,5.855,7.614,3.996,8.068,5.195,6.817,6.909,4.221,6.33,5.072,5.967,5.488,5.602,5.453,4.866,4.526
7.053,7.464,8.266,9.788,8.606,7.111,8.534,10.059,5.239,8.089,8.206,7.148,9.838,6.824,4.417,7.17,9.756,8.073,9.181,4.155,9.067,5.65,8.06,8.116,6.251,7.894,6.314,6.563,5.557,6.836,6.17,4.082,5.392
6.545,6.892,6.645,9.21,8.365,9.593,7.734,9.324,6.091,7.05,7.415,5.693,8.719,5.266,4.076,8.204,7.584,7.194,8.901,4.894,8.398,5.283,7.366,6.975,5.73,7.314,5.516,6.122,5.285,6.396,5.063,4.244,5.462
6.818,7.553,7.775,9.652,8.403,9.521,8.487,9.364,4.918,8.427,7.531,6.455,8.833,6.543,4.532,8.597,8.895,7.262,8.812,5.565,8.718,5.186,7.203,8.139,7.235,7.857,7.06,7.453,5.852,6.152,5.563,4.924,5.77
6.75,6.698,7.459,8.128,7.799,8.741,7.925,8.12,4.901,7.329,6.636,4.924,8.151,5.489,4.085,7.986,7.627,6.062,7.714,4.077,8.119,4.837,6.676,6.692,4.36,5.853,4.955,6.547,5.047,5.585,5.098,5.801,4.16
6.402,6.829,7.425,7.86,7.902,9.58,7.961,8.462,5.131,7.364,7.071,4.281,8.278,5.308,3.926,10.35,6.97,5.753,7.599,3.959,8.189,5.348,6.838,6.981,4.239,5.903,5.244,5.845,5.35,4.841,4.83,5.799,5.415
6.465,7.744,8.13,9.222,8.13,9.137,8.118,9.551,6.384,8.181,7.652,6.146,9.238,6.282,4.284,8.848,9.11,7.261,8.634,4.615,8.937,5.501,7.387,8.539,6.538,7.532,6.072,7.72,5.76,6.36,5.481,3.543,6.733
6.751,8.207,7.778,10.015,8.181,9.031,8.377,11.385,5.738,8.443,6.995,5.307,9.417,5.68,5.418,9.24,7.915,7.288,8.735,4.67,9.837,5.45,8.503,7.676,7.146,7.464,6.498,6.513,6.273,6.21,6.373,3.928,6.902
7.471,6.94,7.408,8.12,7.664,8.326,7.655,8.156,5.263,7.16,6.557,4.208,7.895,5.315,4.09,7.068,7.756,6.065,7.505,4.034,8.522,4.273,6.507,6.958,3.947,5.425,4.426,5.864,5.451,5.266,4.677,5.134,4.56
6.167,7.26,7.954,10.245,8.036,8.865,8.039,9.54,6.477,7.826,7.4,6.209,8.776,5.962,4.297,9.444,9.109,6.749,9.585,4.162,7.889,5.942,7.124,7.397,6.718,6.818,8.401,6.615,6.687,7.42,6.144,3.911,6.938
7.571,6.687,7.333,8.194,7.5,8.373,7.329,8.202,4.492,7.211,7.066,5.133,8.51,5.879,4.35,6.52,7.659,5.836,7.604,3.763,8.852,5.094,6.495,6.569,4.214,5.461,5.443,6.234,5.547,5.472,4.855,4.671,3.977
8.682,6.433,7.201,10.604,8.162,8.188,7.739,9.943,5.606,7.71,7.428,7.554,9.734,6.254,4.424,8.904,8.209,7.03,9.472,5.046,9.2,5.49,7.521,7.937,6.435,7.168,7.652,7.612,6.447,6.838,5.78,5.104,4.884
7.937,6.437,6.484,8.296,7.985,8.198,7.397,8.347,4.805,7.555,6.364,3.875,8.322,5.496,5.045,6.985,7.324,5.642,7.59,4.739,8.865,5.126,6.74,7.525,4.971,5.89,5.405,6.721,5.669,5.91,5.025,5.621,4.903
7.044,6.763,6.668,8.705,7.749,8.911,7.218,8.506,5.374,7.277,7.019,4.837,8.528,5.286,4.624,7.656,8.427,6.167,7.924,4.137,8.589,5.058,6.179,7.079,4.633,6.42,5.433,5.792,5.204,5.739,4.818,6.226,4.165
6.785,7.028,7.432,9.431,8.18,9.288,8.547,9.773,5.878,8.396,6.917,5.102,8.773,5.842,4.197,8.623,8.47,7.882,9.281,4.844,9.211,4.906,7.636,8.658,6.297,7.285,5.511,7.714,5.997,6.053,5.033,3.947,7.141
7.024,7.56,7.722,9.169,8.699,8.767,8.083,9.438,6.356,7.231,7.757,4.322,8.751,5.493,4.056,7.344,8.798,7.1,8.61,4.022,8.353,4.927,7.188,7.56,6.735,8.017,5.781,7.43,5.984,6.213,5.458,3.912,6.164
5.288,8.109,8.624,9.315,8.387,9.217,8.734,8.924,5.656,7.701,7.472,6.191,9.789,6.733,4.743,7.891,9.966,7.62,8.483,5.73,9.132,6.558,7.332,7.423,5.06,8.609,6.838,6.792,5.541,6.814,5.2,4.05,6.428
6.912,7.585,8.023,10.004,7.889,8.719,8.943,10.227,5.318,8.819,7.839,6.878,9.02,7.571,4.266,8.611,8.782,7.404,9.31,4.872,8.185,6.164,7.732,8.475,7.276,8.05,6.318,6.951,5.876,6.73,5.724,4.011,6.913
7.75,6.113,7.626,9.268,8.815,9.38,9.293,9.352,4.648,7.824,7.928,5.693,8.422,6.051,4.165,7.921,9.145,7.522,7.938,4.718,9.748,5.726,7.979,8.205,5.359,9.099,6.295,7.819,5.624,8.659,5.271,4.219,6.73
6.053,7.158,7.803,9.723,8.367,7.445,8.575,9.721,6.277,7.614,7.659,5.208,10.088,6.302,4.391,9.259,9.414,7.68,9.13,4.234,9.057,6.743,8.159,8.162,6.685,7.281,5.434,7.986,6.795,6.975,5.389,3.839,6.405
6.372,6.93,7.507,9.518,8.729,9.891,8.788,9.788,7.15,9.114,7.729,5.158,8.182,5.556,3.836,7.834,10.0,7.312,9.486,5.131,7.613,5.183,7.536,7.368,5.525,7.855,6.737,7.778,6.688,7.464,5.597,3.945,6.961
6.158,6.216,6.912,8.097,7.962,8.805,7.67,8.619,4.033,7.866,6.422,3.645,7.616,5.681,4.223,6.257,8.149,6.104,7.699,3.655,7.643,5.101,6.854,7.278,4.192,5.64,4.618,5.553,5.226,5.675,5.277,4.971,4.333
7.689,5.689,6.648,7.808,7.499,8.488,7.499,8.329,3.914,7.39,6.464,3.67,8.081,5.2,5.661,6.217,7.198,5.691,6.916,4.261,9.706,4.378,6.643,6.604,4.815,4.973,4.502,7.583,5.369,5.023,5.145,6.142,4.576
7.735,7.138,7.225,8.24,7.886,8.775,7.654,8.433,7.159,7.399,6.946,4.523,8.543,5.786,4.767,7.446,7.961,5.805,7.677,4.892,8.821,4.924,6.631,7.271,4.776,6.488,5.185,7.119,5.373,5.514,5.167,6.767,4.974
6.515,7.092,7.821,7.723,7.487,7.81,7.481,8.427,4.569,7.473,7.195,4.987,8.105,5.775,4.155,7.749,8.101,6.179,8.032,3.876,8.121,5.162,6.27,7.319,4.222,6.284,5.302,5.174,5.319,5.578,5.456,5.506,4.162
5.837,8.252,6.96,10.437,8.23,9.91,7.821,9.788,5.254,7.98,7.373,4.044,8.628,6.153,4.01,7.968,7.491,6.866,8.99,4.109,8.467,5.722,7.857,6.493,6.913,6.362,6.399,6.645,6.8,6.09,5.416,3.918,6.463
5.982,6.936,8.506,9.214,7.497,9.085,7.232,9.762,4.503,7.857,7.542,4.794,9.106,5.751,4.407,8.92,7.74,6.563,7.952,4.149,8.528,5.535,7.149,7.752,6.018,5.899,6.279,7.652,4.944,5.65,5.14,4.408,6.187
6.251,7.109,8.407,9.302,9.153,7.681,8.868,9.496,4.319,7.635,8.224,6.059,10.12,6.652,4.093,8.984,11.111,6.898,8.652,4.063,9.754,6.909,8.985,8.108,5.963,8.064,6.84,7.863,6.682,6.879,5.737,3.814,4.997
6.858,7.538,7.913,8.811,8.07,8.483,8.459,9.432,6.795,8.149,7.464,6.211,8.574,6.435,4.111,8.037,9.435,7.067,8.56,4.336,8.511,5.177,7.261,7.71,6.397,7.804,5.981,7.28,5.706,6.812,5.64,3.786,5.989
7.159,6.725,6.807,8.729,7.99,8.438,7.448,8.524,5.333,7.361,6.533,3.989,8.152,5.685,4.054,7.184,7.589,6.263,7.549,4.315,7.986,4.646,6.584,6.787,4.207,6.335,4.768,6.551,5.884,5.235,5.274,4.9,4.553
6.552,6.281,6.448,8.323,8.028,7.667,7.267,7.97,4.238,6.866,6.81,3.752,8.143,5.49,4.08,7.049,6.99,6.283,7.57,3.636,8.166,5.341,6.787,6.806,3.73,6.0,5.51,5.245,4.845,5.333,4.953,4.395,4.104
6.585,7.793,8.849,8.606,8.308,9.278,8.334,8.849,7.598,8.074,7.444,5.26,8.35,5.772,4.134,8.779,8.597,7.345,8.276,4.951,7.739,5.163,7.298,7.528,5.85,6.34,7.091,6.893,5.273,5.73,5.52,4.066,7.663
6.667,6.691,7.574,8.01,7.735,7.942,7.667,8.254,4.481,7.35,7.063,4.454,8.193,5.401,4.163,7.662,7.619,6.125,7.643,3.544,8.058,5.219,6.756,7.147,4.182,6.029,4.893,6.322,4.958,5.855,5.196,6.105,4.607
6.99,5.972,6.828,8.044,7.942,8.395,7.477,8.301,4.259,7.746,6.371,3.79,7.821,4.916,4.423,7.291,7.83,6.272,7.266,3.778,8.061,4.766,6.87,7.489,4.666,5.934,4.624,6.371,5.71,6.045,5.09,4.777,4.501
6.601,6.479,6.946,8.082,7.852,9.724,7.489,8.081,4.522,7.089,6.77,4.276,8.163,5.414,3.997,7.756,7.922,6.043,7.644,4.039,8.344,5.125,6.654,7.45,4.718,5.9,5.209,5.513,5.144,5.463,5.127,5.138,4.856
7.31,7.007,8.378,10.05,8.592,9.846,8.503,9.024,6.403,7.491,7.768,7.178,9.716,7.106,4.57,7.671,9.205,7.026,9.109,4.568,8.982,6.738,8.548,7.489,7.515,8.342,7.201,8.21,5.998,7.913,5.998,3.719,6.316
6.164,6.422,6.618,8.247,7.851,8.825,7.608,8.48,4.953,7.075,6.967,4.157,7.734,5.392,4.175,7.494,8.238,6.123,7.472,3.767,8.305,5.714,7.359,7.165,4.415,6.427,5.181,7.276,5.489,4.857,4.578,6.64,5.316
6.28,6.738,7.144,8.361,8.284,8.405,7.291,8.627,4.114,7.83,7.083,3.906,7.694,4.88,4.139,7.212,8.031,5.729,7.633,4.113,8.193,4.903,6.478,7.37,4.392,5.679,5.275,6.151,4.808,5.831,5.204,5.268,4.193
6.816,7.517,7.667,9.536,8.873,9.475,8.827,9.247,4.19,8.139,7.393,5.725,8.684,6.491,4.516,8.765,9.153,7.137,8.942,4.838,8.418,4.498,7.245,7.814,4.162,7.78,5.972,5.896,5.938,6.748,5.291,4.029,6.503
6.752,6.427,6.828,8.427,8.191,10.195,7.964,8.421,4.987,7.68,6.236,5.263,8.036,5.605,4.071,7.337,7.484,6.047,7.26,3.561,8.44,4.62,7.008,7.226,5.286,6.273,4.985,7.407,5.693,5.696,5.045,5.222,4.491
6.474,7.155,6.942,8.284,8.126,9.001,8.055,8.54,5.009,7.111,7.123,5.085,8.249,5.488,4.436,8.018,7.941,6.224,7.778,4.295,8.405,5.319,7.022,7.576,4.764,7.156,4.727,6.99,5.58,5.262,5.455,6.089,4.38
6.818,6.864,6.791,8.508,7.908,8.011,7.672,8.356,4.825,7.076,6.698,3.937,7.897,5.156,4.221,7.745,7.742,5.814,7.568,3.946,7.85,4.901,6.854,6.411,4.134,6.487,5.578,5.564,5.715,5.796,5.29,5.302,4.123
5.436,5.567,5.845,8.54,8.425,8.666,7.394,8.404,5.436,6.809,6.356,3.914,7.868,4.317,3.782,6.838,9.388,6.072,7.797,4.254,7.772,5.353,5.373,6.425,4.139,6.589,4.532,6.387,5.282,4.905,5.071,5.324,4.361
6.025,7.61,7.689,8.847,8.452,8.605,7.666,9.589,5.382,8.459,7.748,6.446,8.697,6.015,4.032,8.513,9.062,7.329,8.775,4.437,9.063,5.494,7.197,8.35,6.576,7.864,6.193,7.451,6.013,7.038,5.403,4.099,5.999
6.951,7.3,8.157,9.945,9.074,11.061,8.795,9.253,6.812,8.959,7.338,5.11,8.883,5.853,4.7,9.603,8.667,7.26,8.706,6.279,9.283,6.319,8.071,7.844,4.981,8.538,6.203,8.919,5.679,7.832,5.308,3.854,6.651
6.737,6.14,6.565,8.269,7.492,7.442,7.526,8.042,4.652,7.294,6.335,4.138,7.635,5.051,4.275,6.835,7.555,5.797,7.368,3.766,8.094,4.673,6.802,6.975,3.687,5.095,4.994,6.116,5.491,5.584,4.956,5.138,4.213
6.976,7.918,7.856,9.899,8.309,8.837,8.903,9.792,5.285,9.449,7.154,6.498,8.845,7.156,4.495,9.645,8.054,7.761,8.367,5.232,8.424,5.383,7.91,8.931,7.061,7.519,5.33,8.815,5.984,5.582,5.432,4.116,6.082
6.874,6.579,7.122,7.983,7.735,6.989,7.497,8.435,4.35,7.285,7.128,4.213,8.11,5.482,4.03,7.546,7.018,5.952,7.552,3.826,7.91,4.919,6.594,7.131,4.412,6.009,4.896,5.713,5.826,5.675,5.146,5.086,4.598
7.884,6.446,7.871,9.295,8.914,8.829,8.53,7.205,6.23,8.037,7.003,4.462,8.652,6.953,5.223,7.899,8.927,6.026,8.119,4.468,9.536,6.113,8.694,8.322,4.699,8.39,5.983,7.248,5.653,7.671,5.043,3.696,6.581
6.246,6.802,6.775,8.001,8.445,9.373,7.726,8.668,7.148,8.195,6.532,3.83,7.376,4.72,4.024,6.489,8.146,5.409,7.288,4.099,7.161,5.499,6.508,6.894,4.518,5.545,4.807,6.155,5.15,4.828,5.438,7.629,6.346
6.283,6.954,7.62,8.167,7.827,9.002,7.902,8.244,5.445,7.21,6.834,4.678,8.421,5.247,4.197,7.73,7.311,5.48,7.604,4.335,8.214,4.928,6.535,7.35,4.399,5.951,5.067,5.766,5.554,5.484,4.988,6.75,5.275
5.975,5.713,5.082,7.462,8.05,6.017,7.185,8.05,3.879,7.153,6.504,3.507,7.033,4.649,3.954,7.936,8.301,5.433,7.681,4.049,4.306,3.701,5.211,7.157,5.752,5.074,5.338,5.1,5.398,5.549,5.944,3.879,4.495
6.469,7.721,8.344,9.71,8.582,9.141,8.63,9.829,4.675,8.152,7.365,6.591,9.811,7.145,5.24,9.708,9.363,7.686,9.161,5.256,8.597,6.207,7.677,8.198,6.513,7.601,6.112,6.812,5.856,5.53,5.46,3.695,6.632
7.359,6.772,6.549,9.992,8.174,8.394,8.239,9.254,7.761,7.84,7.034,4.816,8.738,5.117,5.229,7.661,7.856,6.52,8.358,5.148,9.029,4.324,7.08,7.902,6.645,6.794,5.192,8.653,6.711,6.729,4.999,4.146,5.955
5.139,7.396,8.044,8.444,9.039,13.106,10.029,8.262,6.619,7.126,7.764,5.073,8.492,6.225,4.733,8.735,11.139,6.189,7.73,3.97,8.941,5.332,7.399,6.797,9.375,8.447,6.144,4.987,5.693,6.68,7.364,3.659,6.92
6.928,6.425,6.77,8.241,8.108,7.673,7.707,7.98,4.958,7.035,6.864,4.316,7.977,5.327,4.229,6.944,6.894,5.91,7.624,3.793,7.649,5.082,6.201,6.788,3.937,6.19,5.385,6.195,5.32,5.275,5.331,5.838,3.983
6.852,7.17,7.579,8.195,7.76,8.563,7.733,8.192,5.469,6.968,7.023,4.862,8.409,5.338,4.475,7.423,7.175,6.416,7.797,4.188,8.395,5.795,6.397,7.069,4.572,6.633,5.165,6.546,5.155,5.024,4.697,4.809,4.388
6.802,6.369,6.48,8.252,7.877,8.75,7.508,8.219,4.906,7.182,6.072,3.821,7.692,5.325,4.112,7.629,8.344,5.817,7.489,3.71,7.996,4.958,7.206,6.439,3.787,5.436,4.767,6.341,5.076,5.36,5.103,4.862,4.569
6.902,6.561,7.112,8.069,8.028,9.542,7.735,8.092,4.832,7.416,6.72,4.37,8.554,5.981,4.863,7.264,7.637,5.76,7.601,4.717,8.74,5.126,6.665,7.403,4.734,6.193,5.433,5.936,5.158,5.498,5.161,5.27,4.925
6.401,6.651,7.261,8.284,7.733,8.245,7.636,8.039,4.629,6.938,6.933,4.16,8.15,5.837,4.311,7.32,7.888,6.007,7.756,4.054,8.238,5.565,5.858,6.577,4.176,6.29,5.101,5.899,5.668,5.331,4.619,4.688,4.297
7.044,6.589,6.417,8.112,8.234,9.861,7.989,8.509,6.499,7.691,7.168,4.204,7.583,4.975,4.079,6.765,7.836,5.966,7.011,4.916,8.676,5.292,6.978,7.524,4.528,6.639,5.025,7.206,5.532,5.522,5.255,7.169,6.694
6.692,6.386,7.074,8.383,7.803,9.461,7.654,8.188,6.101,7.012,6.693,4.262,8.125,5.22,3.953,6.942,7.464,5.933,7.217,3.787,8.211,4.325,7.404,7.112,4.329,5.996,5.035,6.219,5.451,5.158,5.118,5.785,5.027
6.979,7.202,7.502,8.363,8.11,8.319,7.997,8.555,4.703,7.286,6.752,4.537,8.355,5.353,4.1,7.925,8.306,6.067,7.603,3.907,8.388,4.671,6.476,7.153,4.398,6.37,5.264,6.323,5.714,5.443,4.972,6.223,4.385
6.629,6.813,7.052,8.417,7.922,7.335,7.502,8.044,4.324,6.954,6.784,4.591,8.661,5.156,4.404,8.365,8.028,6.685,7.9,3.451,7.858,5.37,6.333,7.473,4.206,7.096,5.395,6.865,5.131,5.502,4.592,4.142,4.048
6.865,5.733,6.104,8.507,7.578,8.478,7.365,8.439,4.311,7.641,6.257,3.889,7.72,5.618,4.029,6.704,7.55,6.188,7.21,3.816,8.498,4.871,6.631,7.286,4.015,5.701,4.783,6.185,5.113,5.261,5.126,4.886,4.156
7.106,7.816,8.477,9.363,8.755,8.546,8.254,9.131,5.114,8.392,8.289,5.622,8.526,6.685,4.248,9.068,9.746,6.6,9.888,4.716,9.49,5.719,8.549,7.653,7.287,7.891,6.663,7.817,5.931,6.826,5.335,4.278,5.21
7.458,6.658,7.199,8.31,7.7,7.612,7.227,8.306,4.659,7.166,6.764,4.499,8.53,5.34,4.44,6.937,7.401,5.82,7.579,4.059,8.626,4.597,6.639,6.669,4.636,5.899,5.132,5.75,5.418,5.604,4.922,5.213,4.518
7.306,6.728,6.859,8.294,7.296,8.799,7.46,8.017,4.706,7.123,6.898,4.47,8.553,5.298,4.802,6.728,8.35,5.728,7.463,3.944,8.391,4.606,6.556,6.947,4.301,5.7,5.234,5.245,5.278,5.379,5.336,5.429,4.162
6.438,6.71,7.585,8.062,7.693,9.047,7.707,8.211,3.817,7.122,7.249,4.871,7.883,5.454,4.121,7.228,8.855,5.943,7.686,3.881,7.754,4.83,6.5,6.855,3.939,6.113,5.008,5.772,5.241,5.711,5.08,5.3,4.17
5.936,6.738,7.979,9.462,8.651,9.177,8.123,10.445,4.92,9.028,7.692,5.966,10.643,5.798,4.496,9.51,8.38,7.406,8.967,4.181,9.336,6.333,8.398,8.923,7.413,8.24,5.733,6.962,5.973,5.501,5.318,4.215,5.11
7.119,6.633,7.184,9.787,8.204,9.078,8.062,9.71,7.156,8.484,7.502,4.544,7.947,6.492,4.641,7.871,7.998,7.058,8.583,4.747,8.159,4.432,7.581,8.093,6.778,6.72,5.437,7.707,6.381,7.3,5.18,4.321,6.6
6.209,7.683,7.928,9.441,8.001,10.145,8.385,9.256,5.295,7.892,6.999,5.782,8.89,7.357,4.868,8.194,10.12,6.597,8.773,6.038,8.824,5.721,7.783,8.69,6.678,8.081,5.597,8.428,5.642,4.711,5.423,3.766,5.935
6.994,6.371,6.516,8.161,7.78,7.643,7.691,8.384,5.269,7.367,6.833,4.076,7.906,5.364,4.009,7.086,7.492,6.156,7.393,4.075,8.214,4.88,6.784,7.088,4.476,5.681,4.518,5.797,5.415,5.152,4.851,5.385,3.98
6.777,4.895,5.848,10.223,7.889,10.105,7.258,9.115,5.306,7.51,5.583,3.771,8.252,5.699,4.361,5.84,6.781,7.235,8.823,4.546,7.86,5.159,7.515,5.99,5.861,7.735,5.787,6.854,4.851,6.332,5.137,4.026,4.744
6.725,6.734,7.033,8.297,7.802,8.544,7.604,8.237,4.542,6.989,6.949,4.434,8.23,5.103,3.989,7.825,7.651,6.055,7.72,3.695,7.77,5.133,6.208,6.713,4.099,6.096,5.085,5.723,5.171,5.726,5.258,4.619,4.013
6.831,7.208,7.643,9.432,8.615,9.084,7.955,9.542,5.283,8.025,8.29,6.85,9.131,6.126,4.136,9.257,8.983,7.542,8.671,4.335,8.297,6.165,7.48,6.932,8.125,7.494,7.332,6.744,6.223,7.339,5.858,4.141,6.27
6.551,6.377,7.882,9.952,7.836,9.235,8.07,9.405,5.799,8.609,7.735,5.149,8.817,7.527,4.16,6.677,11.174,7.267,9.76,3.782,8.767,5.874,6.57,7.878,5.49,7.353,5.567,6.488,6.024,6.483,5.228,3.61,6.783
7.937,7.096,7.545,10.191,8.213,8.766,7.8,10.241,5.485,7.739,7.096,5.621,9.956,6.746,5.432,7.854,8.502,7.613,9.221,4.721,9.929,5.218,8.216,9.339,6.081,7.641,5.308,6.97,6.037,5.998,5.682,4.276,5.362
7.014,6.589,7.208,8.342,7.894,7.938,7.283,8.522,5.306,7.474,6.694,4.536,7.974,5.047,4.181,7.815,7.863,6.189,7.516,4.262,8.099,5.225,7.152,7.804,4.047,6.489,4.853,6.451,5.322,6.14,5.372,5.596,5.17
6.939,6.005,6.494,8.556,8.061,7.75,7.862,7.532,4.966,7.68,5.964,3.508,7.283,5.295,4.318,5.73,7.125,5.791,7.626,4.858,7.885,4.458,6.674,6.521,4.461,6.72,5.199,5.558,5.507,5.199,5.176,5.401,4.628
8.064,7.716,8.109,9.571,8.011,7.905,7.987,9.424,6.11,7.713,7.807,4.685,9.254,7.027,5.501,8.952,9.276,7.859,8.835,4.33,9.317,5.596,7.201,8.344,7.197,7.707,6.028,7.228,5.728,6.441,5.277,3.55,5.853
5.532,5.325,4.583,6.836,7.773,8.55,7.693,6.083,5.27,7.046,5.938,3.214,6.306,4.583,4.022,5.968,6.054,6.063,5.908,3.908,7.917,5.927,5.399,5.387,5.551,5.707,5.232,5.807,5.08,4.976,6.136,4.33,4.81
6.793,6.699,6.841,8.959,9.086,11.414,8.573,8.918,8.747,7.924,7.139,4.598,7.965,5.254,4.383,7.722,7.942,6.177,7.865,5.333,8.999,6.253,7.418,7.755,4.955,8.417,5.078,7.52,5.095,5.113,5.459,6.372,6.938
6.92,6.564,7.386,11.863,8.644,8.71,8.087,9.245,4.349,7.717,7.456,6.748,8.894,4.641,4.127,7.087,10.155,7.037,9.735,3.982,9.221,5.055,6.353,6.488,5.246,8.106,6.032,7.313,6.115,7.583,5.306,4.529,4.848
6.548,8.044,7.778,9.044,8.474,9.775,7.994,9.333,5.336,8.364,7.549,5.678,8.836,6.23,4.536,7.847,7.735,6.819,8.306,5.372,8.523,5.593,7.132,7.095,7.224,7.414,6.543,7.34,5.752,6.347,5.204,3.935,7.072
6.843,6.708,7.306,10.084,8.638,9.637,8.621,9.719,5.696,8.095,7.832,5.611,9.038,5.827,4.275,8.343,9.361,7.407,9.068,4.818,8.768,5.213,7.856,7.818,6.294,7.108,5.441,7.165,6.655,6.168,5.795,3.786,6.117
8.133,7.208,7.887,8.551,9.267,9.955,8.677,9.655,4.888,8.09,7.032,4.245,8.624,6.329,4.247,8.642,7.475,7.417,8.695,5.652,9.5,6.36,8.097,9.083,5.583,8.65,6.285,7.023,5.729,6.518,5.119,3.714,5.951
6.511,6.267,6.729,8.251,7.74,9.457,7.237,8.588,4.86,7.233,6.965,4.175,7.85,4.719,4.026,6.695,6.951,6.035,7.429,3.994,8.118,4.387,6.92,7.387,4.286,5.832,5.015,6.172,5.814,5.43,5.086,5.561,4.61
7.182,7.433,7.393,9.482,7.989,9.476,7.86,8.773,4.921,8.384,6.618,5.487,8.857,5.904,4.167,7.85,8.339,6.133,8.506,4.133,7.817,5.427,7.001,7.653,5.862,6.799,5.725,7.097,5.703,6.03,5.9,4.75,4.224
6.344,7.575,7.38,9.454,8.33,9.56,8.495,9.223,6.35,7.874,7.594,5.501,9.051,6.099,4.295,8.991,9.063,6.898,9.028,5.138,8.609,5.166,7.346,8.664,6.209,8.065,6.148,7.462,5.438,6.02,4.912,4.163,7.331
7.139,7.918,8.011,9.985,8.458,9.646,8.82,9.796,5.429,8.608,7.638,6.005,8.978,7.699,4.266,8.535,8.986,7.117,9.031,6.079,9.289,5.978,8.123,8.748,7.302,7.637,5.68,8.144,5.295,6.109,5.639,3.631,6.152
6.636,6.184,5.867,8.244,7.804,8.717,7.403,7.927,5.623,7.082,6.436,3.554,7.601,5.078,4.166,6.786,7.913,5.708,7.505,3.943,7.744,4.501,6.647,5.952,4.11,6.211,4.889,5.986,5.404,5.034,4.685,5.829,4.634
7.37,6.507,7.455,9.241,8.376,7.575,8.681,9.121,4.391,8.631,7.319,5.593,8.834,5.563,4.393,8.1,10.321,7.205,7.909,4.467,8.541,5.739,8.153,8.399,7.473,8.309,6.305,7.618,6.42,6.827,5.56,3.873,6.271
6.953,6.88,8.448,9.403,8.414,10.19,8.664,8.619,5.469,8.507,7.881,5.572,8.738,6.73,4.483,7.256,8.872,6.821,9.622,5.645,9.078,6.293,7.446,7.783,6.152,8.079,5.537,7.463,6.382,6.838,5.222,4.129,6.591
6.465,6.567,7.158,8.389,7.819,9.306,7.836,8.398,5.995,7.372,7.4,4.386,8.376,5.53,4.41,8.105,7.961,6.284,7.855,4.466,7.917,4.753,6.795,7.709,4.464,6.73,5.163,5.504,5.333,5.577,4.961,4.643,4.435
7.331,7.279,7.234,8.232,8.013,10.465,7.748,8.372,7.005,7.134,7.204,4.777,8.65,5.522,5.154,7.923,7.153,6.221,7.416,5.061,8.818,5.352,6.514,7.27,5.008,6.34,5.446,6.931,5.254,5.54,5.047,6.664,4.696
6.409,6.4,6.96,7.748,7.785,8.29,7.597,8.673,4.552,7.859,6.727,3.841,7.324,4.48,4.21,7.166,7.583,5.706,7.532,3.989,7.611,4.396,7.023,7.334,4.841,5.164,4.355,6.163,5.479,5.738,5.32,5.783,5.211
7.186,6.459,7.114,8.291,7.869,9.893,7.682,8.314,6.336,7.312,7.221,4.407,8.408,5.822,5.086,7.928,7.058,5.821,7.49,4.728,9.09,4.745,6.779,7.487,4.466,5.75,5.201,7.141,5.012,5.537,4.957,6.281,5.617
6.21,6.216,6.28,8.331,7.476,8.999,7.45,7.737,5.304,6.876,6.96,3.804,8.307,4.657,4.333,6.403,7.477,5.41,7.292,3.885,8.263,5.089,6.398,6.538,4.181,5.803,4.891,5.901,5.406,5.878,5.138,5.345,4.479
6.49,7.951,8.24,9.587,8.155,6.635,8.359,9.712,4.55,8.085,8.593,7.021,9.574,6.503,4.248,7.958,9.373,7.703,9.353,4.469,9.041,6.107,7.625,8.128,8.014,9.321,5.791,7.207,5.953,7.054,6.317,3.884,5.567
5.68,7.084,6.708,9.526,8.354,8.276,8.31,9.602,7.661,8.179,7.08,4.436,8.066,4.527,4.058,7.785,8.756,6.742,8.453,4.055,7.413,4.639,6.835,7.909,5.841,6.402,5.034,8.134,6.704,6.378,5.093,4.057,5.145
6.567,6.855,7.294,8.393,8.155,10.042,7.515,8.328,6.406,6.952,7.252,4.275,8.15,5.431,4.639,6.65,8.075,6.009,7.698,4.757,8.693,5.625,6.926,7.482,5.189,7.226,4.931,6.411,5.202,4.496,5.04,5.984,4.966
6.779,5.97,6.285,8.323,7.833,7.935,7.747,8.379,3.462,7.333,6.86,3.417,7.84,4.788,4.41,7.298,7.755,5.759,7.703,4.349,8.236,5.723,6.125,6.798,4.394,5.862,5.282,6.027,5.688,5.751,5.071,4.899,4.492
7.087,7.458,8.175,9.891,8.63,8.571,8.215,9.842,6.875,7.2,7.491,5.706,10.214,7.062,5.323,8.011,8.919,8.01,8.957,4.617,8.949,6.209,7.534,8.697,6.699,6.945,6.441,6.818,5.766,6.316,6.036,4.13,7.399
6.643,7.715,8.291,9.372,8.051,9.264,8.035,9.253,6.141,7.751,7.647,5.973,8.955,6.652,4.47,8.532,8.558,7.375,9.173,5.59,8.377,6.021,7.441,8.696,6.751,7.852,6.802,7.773,5.785,6.151,5.712,4.279,7.105
6.478,6.49,7.24,7.829,7.695,9.622,7.814,8.212,5.138,7.214,6.944,4.693,7.979,5.404,4.069,7.395,8.072,5.892,7.72,4.112,8.104,5.212,6.761,7.542,4.543,6.191,4.783,6.442,5.424,5.774,5.129,5.83,4.358
6.817,7.521,7.325,9.566,8.653,8.009,9.383,10.088,3.998,8.48,7.453,5.333,8.536,4.972,4.344,7.493,8.288,6.595,8.794,4.333,8.918,5.743,7.78,8.264,7.689,8.271,5.142,8.17,7.001,7.275,6.101,4.181,5.547
6.711,6.757,7.014,8.377,8.129,9.527,7.886,8.373,7.317,7.482,6.997,3.7,7.894,5.534,3.969,7.212,7.279,5.939,7.571,4.074,8.22,5.116,6.831,7.277,4.305,6.748,4.663,6.49,5.637,5.67,5.155,6.113,5.832
6.602,6.76,7.162,8.699,8.257,10.245,7.898,8.916,5.429,7.428,6.985,4.357,8.078,5.653,3.823,7.363,7.748,5.862,7.491,4.607,8.545,5.404,7.605,7.497,5.166,6.823,4.659,6.768,5.187,5.338,4.854,6.534,5.345
5.725,8.257,8.456,10.135,8.457,9.601,8.66,9.751,5.985,7.22,7.594,6.454,9.194,6.778,4.701,8.805,7.149,6.737,8.843,4.209,8.874,6.251,7.33,7.512,8.146,8.026,5.982,6.382,5.74,7.357,5.331,3.471,6.01
7.108,7.441,8.367,9.723,7.702,6.99,8.992,10.102,6.344,8.49,7.458,6.217,9.744,6.516,4.195,8.833,8.073,7.353,8.834,3.793,8.879,6.27,8.19,8.016,9.492,6.848,7.193,8.155,7.184,6.541,6.01,4.081,6.897
7.261,7.652,7.436,9.336,8.026,8.77,8.101,9.255,6.499,8.094,7.483,5.684,8.783,6.199,4.364,7.527,8.452,6.871,8.427,5.454,8.698,5.658,7.475,7.614,5.17,7.235,6.678,8.091,6.13,6.609,5.369,3.969,6.863
7.625,7.828,7.771,10.396,8.788,8.761,8.176,8.858,4.873,8.299,8.155,4.87,9.072,6.249,5.704,8.817,9.318,6.42,9.744,5.187,9.831,6.129,8.603,7.458,7.122,7.645,6.555,7.754,6.209,7.087,5.526,4.172,5.725
6.672,7.776,8.659,10.077,9.062,7.794,8.639,9.049,4.847,7.938,7.831,7.353,9.627,6.425,4.433,8.782,8.988,7.129,9.775,4.409,9.163,5.277,8.03,7.329,6.679,7.897,6.97,7.433,5.987,6.565,5.194,3.764,5.74
6.896,6.539,7.048,8.507,7.895,10.468,8.018,8.212,5.826,7.181,5.752,4.182,7.41,4.727,3.928,7.205,7.807,5.773,7.04,4.718,8.17,4.802,7.298,6.688,4.429,5.482,4.657,6.432,5.439,4.737,4.733,6.015,5.116
7.008,6.209,6.418,9.502,8.783,9.221,7.626,9.383,4.065,7.363,7.671,6.288,9.114,5.234,4.391,9.178,8.577,7.177,8.977,5.929,9.222,4.981,7.173,6.901,6.644,8.491,6.458,6.409,6.698,7.244,6.008,3.64,4.076
7.148,7.942,8.055,9.14,8.302,8.934,8.075,9.683,4.779,7.508,7.492,5.778,10.222,8.041,4.665,8.27,8.574,7.032,7.855,4.33,8.968,6.771,7.319,7.073,7.187,8.152,6.814,7.167,5.533,6.645,5.907,3.498,6.477
6.83,6.693,6.733,8.438,7.936,9.381,7.77,8.111,5.701,7.305,6.952,3.756,7.887,5.413,4.214,7.304,7.234,6.073,7.158,4.52,8.541,4.62,7.589,7.183,5.093,5.946,4.596,6.65,5.073,4.704,5.442,5.839,4.953
6.882,6.306,6.579,8.469,7.912,7.918,7.417,8.559,4.745,7.538,7.095,3.816,7.671,5.108,4.257,6.983,7.768,5.654,7.474,4.4,8.485,4.77,6.692,7.023,4.438,5.68,5.033,6.273,5.273,5.713,5.136,5.993,4.04
7.06,7.639,8.043,9.254,8.454,8.515,8.735,9.136,4.354,8.887,6.829,5.532,8.856,6.64,4.362,7.903,9.077,7.72,8.349,4.761,8.523,5.744,7.045,9.46,7.363,8.619,5.47,7.467,6.134,6.258,5.342,3.793,5.568
6.561,7.763,8.308,8.86,8.392,9.354,8.853,8.143,4.366,8.513,7.752,6.493,8.966,5.069,4.46,10.071,8.978,6.753,8.017,4.415,8.764,5.388,8.552,7.132,3.94,8.317,6.883,8.603,5.71,6.105,5.666,4.773,5.095
6.939,7.577,8.046,9.071,8.328,9.717,8.102,10.003,4.9,7.844,7.851,5.985,9.122,6.183,4.167,7.863,9.076,7.149,8.624,5.049,8.526,5.998,8.008,8.152,7.329,8.044,6.219,7.137,5.75,6.753,6.046,4.104,6.039
6.7,7.244,8.164,8.747,8.548,9.482,8.008,8.463,4.987,7.863,7.302,5.077,8.475,5.902,4.26,7.428,8.769,6.314,7.976,5.619,8.695,5.446,7.872,7.898,6.306,7.324,5.848,6.741,5.419,5.996,5.322,4.06,6.33
6.801,6.133,6.767,8.298,7.876,8.426,7.836,7.932,5.11,7.45,6.7,4.123,8.095,5.63,4.024,7.102,6.875,6.052,7.52,4.413,8.345,4.864,6.777,7.56,5.117,5.92,5.39,6.204,5.039,5.526,4.84,4.841,4.156
5.899,7.557,8.546,9.529,8.246,9.211,9.236,9.591,4.452,8.493,7.553,6.356,9.415,6.601,5.466,8.504,8.217,7.24,8.542,4.494,8.814,5.86,7.647,8.058,5.796,8.159,6.279,6.228,6.752,6.877,6.268,3.966,6.053
6.707,7.055,7.493,8.612,8.164,10.946,8.356,8.467,8.043,8.583,7.556,5.815,8.978,5.691,4.586,8.01,8.946,5.288,7.975,6.25,7.968,5.412,6.967,8.188,6.226,6.713,5.29,6.892,6.475,6.749,5.847,4.341,8.609
6.882,6.962,7.727,9.852,8.762,9.554,8.536,8.978,6.996,8.027,7.601,5.497,8.858,6.662,4.142,7.552,10.262,7.285,9.189,4.697,8.876,6.123,7.556,7.416,6.912,7.622,6.208,7.183,6.293,7.478,5.953,3.924,6.974
7.503,7.22,7.404,9.943,8.96,8.193,8.301,8.836,6.035,8.159,7.451,7.028,8.464,5.374,4.008,7.918,7.614,6.707,8.951,4.783,8.488,5.125,8.002,8.052,6.188,7.756,6.208,8.151,6.358,8.227,5.405,3.951,6.328
6.655,6.59,7.219,8.141,8.055,8.337,7.865,8.481,4.828,7.515,6.713,4.48,7.891,5.435,4.192,7.427,7.605,6.116,7.619,3.976,8.093,5.079,7.208,6.986,4.189,6.501,4.499,6.413,5.438,5.864,5.195,6.302,4.483
6.747,6.352,6.804,8.313,7.876,7.359,7.463,8.106,4.804,7.169,6.673,3.706,7.821,5.225,3.706,6.801,7.569,5.93,7.51,3.914,8.013,5.16,6.715,6.72,3.868,5.873,4.874,5.942,5.422,5.84,5.334,6.041,4.35
7.982,7.871,7.946,9.28,8.249,9.515,7.786,9.504,5.527,8.276,8.084,5.474,10.101,6.696,5.659,8.256,8.795,6.32,8.547,4.461,9.393,6.369,7.521,8.06,7.765,6.571,8.045,7.703,6.309,6.523,5.453,3.975,6.225
6.421,7.55,7.996,9.172,8.21,10.464,8.119,8.514,5.51,8.327,7.319,4.92,8.703,7.264,4.132,7.163,9.961,6.969,8.511,6.961,8.575,5.856,7.581,9.008,6.889,8.064,5.734,6.777,5.179,7.066,5.291,4.701,6.687
7.374,6.692,7.033,7.881,7.653,8.576,7.385,8.319,4.751,7.442,7.211,4.263,8.051,5.597,4.46,7.415,7.748,6.366,7.348,3.778,8.515,5.603,6.88,7.256,3.991,6.774,4.915,6.242,5.054,5.458,4.65,5.031,4.461
5.337,7.446,8.963,7.882,8.662,13.676,9.661,8.419,8.435,7.954,8.081,6.725,9.211,6.941,4.619,8.136,7.349,5.666,6.916,9.548,8.715,5.271,7.058,8.028,5.6,7.573,4.616,6.658,4.927,5.498,4.948,3.544,7.342
6.802,6.261,6.242,7.904,7.921,8.732,8.241,8.214,5.2,6.961,6.704,3.669,7.717,5.302,4.029,7.628,7.722,5.636,7.324,3.804,8.526,4.718,7.428,7.287,3.832,5.674,4.883,6.335,5.698,5.738,4.568,6.516,4.067
6.618,7.404,7.322,9.155,8.501,9.092,7.992,8.85,6.461,8.887,6.899,5.725,8.717,6.409,4.159,7.599,8.157,6.635,8.047,3.941,7.584,5.387,6.966,7.675,7.287,7.47,7.32,7.359,6.334,6.205,6.408,3.997,6.274
7.591,5.585,6.002,8.116,7.954,8.815,8.007,8.49,5.795,7.018,5.073,3.44,7.679,5.675,5.288,6.403,5.593,5.229,6.263,4.257,8.582,3.263,6.491,6.517,3.734,6.641,3.009,6.014,5.466,5.142,5.14,5.337,4.139
6.419,6.126,6.957,8.479,8.14,8.747,7.702,8.22,5.051,7.189,6.612,4.281,8.025,5.717,4.302,7.089,7.657,5.751,7.755,4.148,8.529,5.524,6.135,6.93,4.014,6.856,5.141,6.101,4.9,4.772,4.71,5.607,4.362
6.975,5.63,5.884,8.199,7.923,8.078,7.696,8.083,4.487,7.208,6.31,3.249,6.677,5.18,4.327,6.495,7.439,5.874,6.794,3.904,8.122,4.529,6.965,6.848,4.268,5.19,4.628,6.321,5.257,5.08,4.891,5.194,4.262
7.777,7.314,6.995,9.383,8.093,9.592,8.26,9.841,5.839,7.765,7.293,5.929,8.533,6.505,4.346,8.54,9.006,6.942,8.891,6.029,8.612,5.468,8.027,7.894,7.884,6.948,6.204,8.281,5.257,6.041,5.509,4.186,6.566
6.342,7.475,7.952,8.042,8.757,11.249,9.065,8.743,6.612,7.124,8.143,7.394,9.348,5.308,4.337,7.778,8.864,7.299,8.524,6.179,8.588,6.046,7.842,8.5,6.061,7.005,2.863,7.194,3.613,6.023,4.412,5.02,5.822
6.847,7.075,7.148,8.159,7.78,8.878,7.76,8.398,5.094,7.28,6.974,4.553,8.163,5.286,4.129,7.388,7.394,6.215,7.738,3.835,8.344,4.951,6.731,7.315,4.015,6.3,5.201,5.924,5.498,5.279,5.054,5.582,4.308
7.068,6.584,7.972,8.751,7.821,8.521,7.151,10.523,5.693,8.204,8.478,5.912,7.726,5.928,3.82,8.501,9.538,7.36,9.115,4.112,7.474,4.501,7.583,8.585,6.681,7.569,5.678,6.345,5.508,7.045,5.545,4.039,4.998
6.779,6.606,8.56,9.283,9.122,8.493,8.426,9.243,5.629,7.606,8.012,5.711,10.017,6.101,4.332,7.726,9.804,6.744,8.995,4.489,9.27,5.939,7.799,8.153,7.835,7.695,7.752,7.958,5.731,7.199,5.916,4.019,5.239
7.019,7.348,7.112,8.553,8.73,10.633,8.435,8.771,6.786,8.321,7.637,5.097,9.226,5.612,5.7,8.625,8.808,6.62,8.015,7.111,9.259,5.585,6.872,7.747,5.235,7.253,7.444,7.126,5.597,6.229,4.713,3.968,5.541
8.394,7.281,8.148,9.19,8.478,7.517,8.694,8.982,5.5,9.56,8.21,6.066,9.508,5.578,4.27,8.057,9.689,6.829,8.251,4.04,8.799,5.308,7.588,8.122,6.258,8.009,6.225,8.268,7.088,7.255,5.255,4.29,5.645
7.508,8.111,8.45,9.916,8.046,7.319,8.338,9.583,5.617,8.622,7.583,6.296,9.642,7.301,4.348,9.112,7.766,6.944,9.01,4.106,8.762,6.977,8.229,7.734,8.021,7.736,6.348,6.625,5.896,7.031,6.346,3.741,5.872
6.971,6.483,7.017,8.297,7.662,8.334,7.739,8.456,5.568,7.015,6.73,3.857,8.229,5.367,3.983,7.4,7.465,5.947,7.645,3.516,8.394,4.385,6.98,6.718,3.555,5.885,5.175,6.134,5.519,5.765,4.527,6.356,4.901
7.638,7.61,7.848,9.289,8.308,8.331,8.8,8.794,6.161,7.958,7.441,6.505,8.998,5.854,4.868,9.018,8.734,6.881,8.588,4.43,8.792,5.473,7.888,8.855,6.485,8.499,5.039,7.349,5.96,6.77,5.684,3.522,5.536
7.536,6.133,6.146,8.209,7.527,8.367,7.056,8.146,4.278,7.098,6.702,3.945,8.284,5.392,4.615,6.931,7.587,5.882,7.475,4.029,8.528,4.838,6.502,7.273,4.346,5.596,5.074,5.745,5.44,5.403,4.803,4.368,4.17
6.843,6.846,7.158,7.996,8.053,9.057,7.979,8.373,5.409,7.666,6.973,4.706,8.299,4.953,4.112,7.787,7.769,6.427,7.814,4.496,8.191,5.079,7.046,7.629,4.698,6.408,5.09,6.423,5.066,5.566,5.089,6.199,5.13
6.533,7.582,7.986,8.701,8.304,9.07,8.147,8.548,5.165,7.918,6.98,5.466,8.581,5.336,4.329,8.424,7.923,6.08,8.017,4.47,8.184,5.298,7.583,7.257,5.83,6.604,6.006,6.667,5.609,5.895,5.546,4.235,6.421
8.131,7.68,7.833,9.749,8.665,9.267,8.524,9.602,4.086,7.659,7.723,6.967,9.659,6.817,5.807,9.067,8.323,8.146,8.912,5.137,9.454,5.662,7.692,8.66,7.64,8.116,5.678,6.99,5.805,6.331,5.822,3.958,6.016
5.977,6.576,7.15,8.322,7.952,9.466,8.094,8.383,4.904,7.59,6.216,4.139,8.017,4.794,4.299,7.199,7.496,5.805,7.249,3.8,8.23,4.618,6.98,6.846,4.093,5.467,4.723,6.419,5.729,5.329,4.862,5.656,4.422
6.291,6.964,7.79,8.625,8.451,9.335,8.82,9.028,6.257,7.122,8.087,6.382,9.409,6.364,4.154,8.268,9.167,7.647,8.562,5.248,9.032,6.13,6.994,7.418,5.125,8.261,6.019,7.406,5.392,5.987,5.029,3.628,7.241
8.469,7.506,7.814,9.597,8.324,10.069,7.994,8.845,4.851,8.602,7.613,6.285,9.164,7.422,5.387,7.573,9.08,6.387,9.263,6.843,9.425,6.244,7.156,8.667,8.093,8.025,6.688,7.015,5.827,6.122,5.98,4.083,5.637
8.031,7.126,7.527,9.865,8.352,8.978,7.618,8.975,6.551,8.465,7.754,4.988,9.872,6.812,4.503,8.637,8.091,6.761,8.853,5.371,9.339,5.391,7.326,8.494,7.207,7.067,6.266,7.619,5.966,8.362,4.7,4.06,6.796
6.91,7.45,7.818,7.374,7.901,10.27,7.821,8.642,7.053,7.627,7.398,5.023,7.916,5.975,3.96,8.101,7.743,6.233,7.922,4.969,8.469,4.677,6.508,7.444,4.995,6.48,5.265,6.569,4.91,5.199,5.317,6.714,4.62
7.201,7.438,8.64,8.861,8.56,7.191,8.898,8.819,5.26,9.055,8.434,7.265,9.389,5.987,4.335,8.756,10.52,7.338,8.859,4.025,9.406,5.761,7.525,7.821,5.519,8.654,7.789,8.078,6.237,7.516,6.171,4.001,5.699
6.409,6.612,7.096,8.021,7.687,8.958,7.587,8.372,4.695,7.548,6.404,4.896,7.889,5.284,4.26,7.45,7.713,6.039,7.415,4.014,8.27,4.146,7.347,6.576,5.216,5.935,4.801,7.123,5.437,5.254,5.196,5.658,4.515
6.363,5.159,6.146,8.748,8.241,8.007,7.622,8.01,4.794,6.8,6.737,3.732,7.272,5.657,4.418,6.75,7.402,6.058,7.538,3.697,8.07,4.567,6.641,6.569,3.786,6.016,4.935,6.267,5.474,5.266,5.383,4.902,4.33
6.526,6.513,6.804,7.799,8.088,8.494,7.509,8.638,4.559,6.983,6.933,3.731,7.206,4.84,3.772,7.19,7.451,5.61,7.328,4.054,7.665,4.553,6.85,6.932,4.444,5.592,4.922,5.43,5.439,5.846,5.412,5.679,4.337
5.426,5.132,5.374,7.237,8.002,7.908,6.98,6.466,4.864,6.351,5.596,3.447,6.605,4.783,4.937,7.098,5.796,6.42,6.806,4.03,6.578,4.979,5.001,5.024,3.838,6.409,4.662,5.732,4.525,3.961,3.838,4.159,4.19
7.4,6.511,6.788,8.502,7.938,8.346,7.746,8.57,4.407,7.622,6.433,4.115,7.762,5.121,4.274,6.924,7.042,5.844,7.016,4.294,8.408,5.113,7.452,6.92,3.603,6.214,4.66,5.825,6.107,5.495,4.841,5.351,4.431
7.011,6.749,8.018,8.963,8.589,8.359,7.899,8.428,5.85,7.9,7.141,4.972,8.994,5.919,4.434,8.011,9.302,6.312,8.182,4.904,8.442,6.032,7.398,8.083,6.254,6.926,6.926,7.159,5.679,7.734,4.903,4.073,7.151
6.383,5.831,5.637,8.274,7.581,8.378,7.453,8.488,4.669,6.728,6.744,3.97,7.485,4.584,4.533,6.838,8.153,5.66,7.47,4.255,8.443,5.104,6.685,7.01,4.194,5.949,4.719,5.325,5.892,5.183,4.874,4.598,4.283
5.478,7.231,7.955,9.538,8.955,11.036,8.327,9.3,6.857,8.087,7.72,4.999,8.943,5.95,3.85,8.963,8.938,7.493,9.15,4.629,7.878,6.216,7.545,7.65,7.048,8.232,7.179,7.583,6.228,6.366,5.221,4.517,5.694
7.125,6.897,7.402,9.637,8.021,7.933,8.012,9.307,7.516,7.848,8.373,5.305,9.017,6.975,5.484,7.475,9.344,6.801,9.12,4.361,8.577,5.7,7.18,7.563,5.853,6.309,5.623,6.472,5.717,7.722,5.865,4.067,7.72
6.188,7.502,7.662,10.1,8.419,9.082,8.403,9.983,5.875,9.001,7.213,5.15,9.44,6.484,4.269,7.52,9.908,7.538,9.494,4.564,8.05,6.513,7.585,7.974,7.709,8.083,5.949,7.171,6.074,6.127,6.07,4.219,6.203
7.037,6.791,7.21,8.425,8.076,8.558,8.17,7.943,5.131,7.602,6.996,3.058,7.919,4.799,4.073,6.826,7.916,6.227,7.379,3.844,7.741,5.697,6.541,6.765,4.054,6.11,4.859,5.368,5.723,5.563,5.471,6.009,4.484
6.537,7.541,8.202,8.461,8.769,9.777,8.641,9.363,6.63,9.191,8.206,6.284,8.774,5.802,4.539,8.605,8.837,6.105,8.322,5.389,8.543,5.375,7.363,7.869,6.148,5.434,5.612,6.86,6.712,7.105,5.854,4.091,7.798
5.973,6.695,7.048,8.356,8.27,9.628,7.753,8.11,6.402,7.453,6.915,4.19,7.945,5.283,4.3,6.768,7.214,6.118,7.487,4.458,8.566,4.557,6.803,7.327,4.67,6.359,4.546,6.684,5.592,5.428,4.863,5.811,4.828
7.577,7.331,7.208,9.504,8.543,9.301,7.942,9.317,4.993,8.85,7.496,6.605,10.691,5.343,5.259,8.416,9.499,6.64,8.781,5.386,8.972,6.543,6.184,8.608,7.547,8.285,5.55,7.961,6.266,7.432,4.679,3.548,4.291
6.796,6.473,6.738,8.144,7.59,8.707,7.828,8.337,5.302,7.124,6.421,4.208,8.06,5.317,4.001,6.984,7.421,5.802,7.654,4.425,8.17,4.653,6.87,6.97,4.472,6.373,4.913,5.076,5.214,5.711,5.135,5.67,4.827
6.13,6.892,7.882,8.612,7.812,10.003,8.098,8.283,6.077,7.614,7.13,5.707,8.369,5.657,4.307,7.957,9.168,6.535,7.695,4.236,8.736,5.441,7.5,7.765,5.467,6.545,6.329,7.175,5.283,5.793,5.605,4.957,5.852
6.148,6.762,6.681,8.761,8.529,9.291,8.153,8.465,6.205,7.948,7.05,3.951,7.851,4.785,3.997,6.705,8.222,5.953,7.534,4.396,8.018,5.43,6.889,7.276,4.292,6.539,5.111,7.204,5.565,5.651,5.298,7.212,5.055
6.54,7.224,7.297,8.158,8.309,9.853,8.162,8.284,7.821,7.428,7.248,4.128,7.995,5.524,4.152,7.337,7.748,6.228,7.426,4.847,8.301,5.284,7.064,8.172,4.054,6.924,5.351,6.936,5.196,5.72,5.351,7.155,6.563
6.658,7.03,7.399,8.369,7.984,9.72,7.767,8.505,6.667,7.649,7.425,4.565,8.218,5.556,3.923,8.196,8.204,6.455,7.842,4.903,8.668,5.483,7.005,7.279,4.618,7.171,4.784,7.543,5.178,5.694,4.712,6.649,5.565
7.543,8.374,8.175,10.434,8.398,6.846,8.352,10.052,5.145,8.086,6.85,5.139,10.537,6.369,5.023,8.897,9.147,8.361,8.849,4.09,8.13,6.72,7.238,7.599,7.259,7.465,6.557,5.964,5.76,7.634,5.683,4.153,4.808
6.783,7.325,8.706,9.52,8.612,8.692,8.205,10.428,4.917,9.56,7.042,6.153,9.963,6.592,4.306,8.917,8.379,7.914,9.286,4.328,9.392,5.93,7.474,8.094,5.291,7.57,6.412,6.38,6.685,4.879,5.514,3.72,5.901
6.256,7.513,8.729,10.212,8.574,9.548,8.759,9.951,6.906,6.95,7.465,6.396,9.689,6.585,5.944,7.852,10.068,7.752,10.379,5.956,9.289,6.65,7.975,7.56,7.25,8.272,5.386,6.257,6.204,7.371,5.377,3.537,7.248
6.681,6.533,6.79,9.21,8.127,9.546,8.142,10.754,5.382,7.806,7.445,4.157,9.177,4.725,4.018,8.839,10.145,7.631,8.188,4.72,6.802,6.327,6.139,8.513,4.908,7.167,4.576,6.603,5.803,5.51,6.306,3.931,4.655
6.88,5.951,5.976,8.429,7.741,8.106,7.52,8.304,4.067,7.289,6.473,3.856,7.683,5.508,3.91,6.619,7.992,5.818,7.8,3.929,8.317,4.602,6.557,7.124,4.396,6.277,4.943,5.443,5.11,4.928,5.075,4.583,4.246
6.822,6.759,7.083,8.416,7.734,8.519,7.777,8.424,5.173,7.334,6.809,4.107,8.251,5.628,4.265,7.051,7.557,6.067,7.8,4.345,8.091,5.297,6.862,7.059,4.267,6.053,5.462,5.802,5.013,5.656,5.182,5.358,4.307
5.211,5.066,5.721,7.356,7.28,9.227,6.426,6.801,4.959,7.046,6.049,3.975,6.64,5.399,4.181,6.211,6.227,6.419,6.432,3.629,7.953,4.552,4.91,5.503,4.501,6.242,4.869,6.077,4.7,4.482,4.55,3.685,3.73
6.164,5.952,5.974,8.272,7.935,9.169,7.061,8.111,4.103,7.407,6.174,3.146,6.546,5.126,4.327,7.224,7.511,5.466,6.764,4.273,8.869,4.488,7.183,6.864,4.986,5.779,4.997,6.651,5.373,4.83,5.28,4.284,4.3
6.54,5.125,6.097,9.636,7.996,8.9,6.414,10.166,5.387,7.382,6.593,7.088,8.912,5.948,4.933,9.633,7.436,7.648,8.83,4.525,8.609,4.232,5.899,7.63,6.808,6.232,4.633,7.252,6.879,6.056,4.903,4.515,5.226
5.948,7.09,8.041,9.607,8.637,7.804,8.325,9.605,5.47,7.813,7.785,5.589,9.608,6.331,4.323,7.963,9.36,7.822,9.197,4.37,9.104,6.653,7.645,7.164,8.35,8.171,7.119,6.842,6.358,7.963,5.671,4.037,5.534
6.224,6.158,7.015,8.149,8.099,8.286,7.883,8.114,5.886,7.255,6.309,3.95,7.382,5.13,4.196,7.742,7.721,6.002,7.18,4.333,8.48,4.676,6.855,7.385,3.806,6.064,4.492,6.575,5.021,5.278,5.172,4.794,5.053
6.305,6.171,6.803,9.013,8.315,8.801,8.484,9.38,6.475,7.106,7.587,3.818,9.338,4.225,4.568,8.233,9.403,6.674,8.26,3.853,9.101,6.244,6.95,8.864,4.742,9.081,6.01,8.388,6.595,5.938,4.991,3.2,5.123
7.311,6.934,8.402,9.131,8.676,8.244,7.94,8.29,5.909,8.355,7.622,6.616,9.076,6.842,4.13,9.279,9.201,7.008,8.347,4.541,8.932,5.635,7.287,8.006,6.836,7.828,6.495,8.379,5.856,6.947,5.146,3.845,6.573
7.901,6.351,7.313,9.61,8.456,7.727,8.876,9.162,4.14,8.187,6.615,4.426,8.6,5.864,3.939,7.68,9.507,6.644,7.403,4.715,9.153,4.883,9.07,7.51,7.196,7.82,6.167,8.372,6.579,8.373,5.15,4.243,6.737
5.928,7.056,7.123,8.413,8.531,7.95,8.689,8.638,6.388,8.209,7.136,3.885,8.026,4.791,4.155,6.797,8.89,5.963,7.512,3.943,6.645,6.097,7.567,7.586,6.158,6.153,5.531,5.856,5.513,6.278,5.442,4.306,6.757
5.628,4.005,5.715,5.688,7.658,6.844,4.202,5.027,5.101,6.997,3.973,3.844,3.991,4.554,5.198,4.885,5.553,5.298,4.826,3.897,4.534,5.734,4.921,5.819,6.135,4.909,5.32,5.27,5.297,5.171,4.999,4.119,4.595
7.556,6.707,7.098,8.495,7.863,8.436,7.597,8.541,5.464,7.088,6.94,4.562,8.652,5.682,4.632,7.644,7.864,6.024,7.752,3.812,8.742,4.974,6.385,7.314,4.174,6.329,5.254,6.301,5.043,5.713,4.952,5.567,4.482
7.796,6.72,7.713,9.405,8.27,9.192,8.464,10.199,7.183,7.617,7.725,4.61,9.206,5.595,4.424,7.191,8.635,8.034,8.479,5.485,8.91,6.109,7.768,8.612,5.47,7.776,5.943,7.834,6.566,6.091,5.448,4.161,8.149
7.028,7.971,8.414,9.634,8.62,9.236,8.633,9.095,5.358,8.277,7.896,5.861,9.434,6.121,4.656,9.236,9.038,7.304,9.3,5.316,9.252,5.843,8.164,7.46,6.397,7.659,6.359,6.996,5.628,7.244,5.541,4.022,6.172
6.714,6.835,7.14,8.558,8.199,9.772,7.771,8.619,5.956,7.567,7.156,4.672,8.174,5.817,4.144,7.633,8.198,6.179,7.801,4.507,8.165,5.204,6.77,7.667,5.64,6.493,5.108,6.221,5.44,5.811,5.163,4.603,4.612
6.584,7.365,7.913,9.352,9.575,9.096,9.012,8.498,5.799,7.672,8.785,6.266,8.71,5.696,4.27,7.986,9.928,6.837,9.196,4.558,8.777,5.735,7.373,7.59,6.541,8.304,7.856,8.203,6.293,6.227,6.071,3.896,6.161
7.041,6.391,6.91,8.35,7.816,8.467,7.601,8.343,4.757,7.496,6.803,4.189,7.955,4.991,4.166,7.681,7.725,6.094,7.542,3.878,8.457,4.711,7.194,7.671,4.421,6.154,5.113,6.866,5.543,5.942,4.911,5.594,4.585
6.117,7.949,7.832,10.08,8.261,9.468,8.036,9.939,7.171,8.718,7.18,6.285,9.053,7.509,4.225,7.368,7.891,7.481,9.023,5.086,8.217,5.309,8.034,7.925,7.584,7.11,5.576,7.734,6.248,6.463,5.846,3.752,7.391
6.706,8.103,8.351,8.693,8.684,9.196,8.989,8.661,4.637,8.821,7.973,5.193,8.561,6.49,4.229,7.285,9.546,7.312,8.899,4.929,8.742,5.271,7.399,8.097,6.377,7.781,4.705,7.005,6.068,7.018,5.162,4.279,6.618
6.586,6.579,7.07,8.411,8.176,8.317,8.031,7.803,5.593,7.674,6.589,4.377,7.687,4.752,4.259,7.806,8.792,6.032,7.369,4.092,7.999,4.959,7.034,6.763,4.586,6.5,4.899,6.922,5.275,5.381,5.064,6.013,4.155
6.857,6.17,6.355,8.021,7.603,8.959,7.608,8.248,4.448,6.945,6.176,3.727,7.93,5.719,3.862,7.031,7.543,5.747,7.2,4.413,8.252,4.893,6.634,7.63,3.902,5.581,4.634,5.063,5.22,5.256,5.585,5.172,4.275
6.928,7.794,8.495,9.211,8.646,9.812,8.451,8.744,5.869,7.799,8.144,5.381,9.146,5.797,4.628,8.553,10.378,7.125,8.296,5.463,9.313,5.878,7.927,8.445,6.61,7.993,6.494,8.448,5.995,6.094,5.575,4.457,6.941
6.763,6.992,7.678,8.336,7.914,8.41,7.858,8.304,4.574,7.252,6.898,4.417,8.652,5.061,4.306,7.91,8.08,5.97,7.525,4.349,8.046,4.998,6.271,7.801,4.092,5.725,5.307,5.913,5.482,5.487,4.889,5.884,4.024
7.794,7.466,7.339,9.327,8.741,8.055,7.462,9.219,5.994,9.352,7.027,4.782,8.344,7.275,4.32,7.989,7.343,6.081,8.347,4.203,8.331,5.618,7.53,8.7,7.182,7.317,6.779,6.871,7.302,6.822,5.826,4.014,7.114
7.409,6.396,6.976,9.184,8.566,9.568,8.465,8.891,7.738,8.582,6.912,5.201,7.848,4.973,4.481,8.413,8.303,6.552,7.709,4.759,8.431,4.632,7.685,8.4,6.288,6.919,5.917,7.752,6.785,6.647,5.716,3.99,7.39
6.657,6.558,6.696,8.439,8.03,8.565,7.74,8.254,5.303,7.356,6.51,4.119,7.849,5.59,4.344,7.636,7.693,5.886,7.572,4.019,7.931,4.776,6.486,7.198,3.944,5.933,4.834,5.721,5.319,5.376,4.943,5.44,4.526
6.429,7.472,7.965,9.279,8.147,8.972,7.478,9.325,4.384,7.518,7.695,6.579,8.623,5.804,3.974,8.691,9.626,7.344,8.606,4.192,8.458,6.028,6.985,7.677,5.963,8.179,6.205,7.22,5.733,5.819,5.836,4.879,5.333
7.318,7.32,7.738,8.083,7.996,9.858,7.925,8.059,5.775,7.381,7.118,5.074,8.43,5.413,4.589,7.305,7.823,6.652,7.54,4.975,8.027,4.906,6.549,6.856,3.771,6.392,5.235,5.925,5.185,5.322,4.772,4.922,5.157
6.862,6.829,7.362,8.089,7.73,8.78,7.616,8.38,4.591,7.266,7.216,4.915,8.395,5.7,4.108,7.641,10.054,5.6,7.535,4.122,8.312,5.313,6.931,7.007,4.615,5.694,5.177,5.829,5.615,5.706,5.2,5.531,4.735
6.594,7.797,8.817,10.436,9.344,8.848,8.186,9.276,5.125,7.461,7.692,6.379,10.27,7.046,4.614,9.848,10.08,7.5,9.504,4.581,8.783,5.979,8.209,6.633,7.832,7.628,6.55,6.892,5.919,6.794,4.91,4.053,6.704
6.548,7.151,7.334,8.055,8.121,10.072,7.96,8.416,5.54,7.786,7.017,5.011,8.061,5.373,3.862,7.55,7.985,5.904,7.406,4.828,8.063,5.125,7.261,7.419,4.998,6.626,4.871,6.682,5.263,5.691,5.136,6.337,5.817
7.016,6.106,5.916,8.77,7.91,8.021,7.5,7.886,4.806,7.029,6.26,3.679,7.837,5.3,4.418,6.678,6.802,5.342,7.013,3.995,8.662,4.399,6.764,6.692,3.69,5.721,4.578,6.157,5.444,5.308,4.726,4.593,4.379
5.755,7.688,7.989,9.807,7.968,9.863,7.873,9.41,5.449,7.856,7.26,4.376,8.406,6.469,3.996,7.503,9.694,7.278,9.275,4.162,9.4,6.456,6.659,7.136,5.606,7.859,6.823,6.964,5.278,6.164,5.095,3.572,6.595
7.046,7.351,8.444,9.897,8.733,10.519,8.946,10.313,5.39,7.466,7.946,6.694,9.345,6.603,4.665,9.482,9.326,8.185,9.441,5.051,8.911,5.899,7.924,7.776,6.752,8.279,7.178,7.688,6.194,6.865,5.578,4.238,6.086
7.631,7.367,7.5,9.355,8.671,9.901,8.239,8.925,5.913,7.437,7.736,4.932,9.325,5.202,5.07,8.743,9.567,7.22,8.853,5.504,9.068,5.106,7.112,8.361,6.354,7.954,5.741,7.172,5.979,6.509,4.923,3.631,5.555
6.716,8.183,8.239,9.568,7.981,8.36,8.529,10.133,6.385,8.055,6.821,6.492,9.522,7.985,5.204,7.248,6.9,7.219,9.159,3.915,8.481,5.856,7.622,8.15,7.741,7.146,5.573,6.304,6.24,5.805,6.176,3.723,5.954
7.116,7.556,7.469,9.945,7.811,10.04,8.248,10.06,5.395,9.177,7.307,5.309,8.257,7.101,4.302,8.832,8.905,7.506,8.535,4.685,8.174,5.648,7.957,8.384,8.063,6.525,6.351,8.846,5.978,4.981,5.917,3.702,6.367
7.023,6.799,7.107,8.266,8.331,9.529,7.95,8.367,6.343,7.417,6.855,4.466,7.768,5.173,3.988,6.987,8.21,6.043,7.305,4.597,8.316,4.785,7.077,7.203,4.915,6.398,5.042,6.582,5.561,5.625,5.495,7.356,5.791
7.456,5.78,6.585,9.316,7.757,10.223,7.001,8.9,7.222,7.181,7.118,5.028,8.905,5.154,4.997,8.331,8.003,5.857,8.263,6.005,8.951,5.21,6.476,7.94,5.201,6.68,5.328,7.512,6.567,6.496,5.154,4.421,5.617
6.154,5.992,5.871,8.373,7.849,9.327,7.841,7.545,5.311,6.606,6.193,3.67,7.45,5.312,4.165,6.458,6.6,6.121,7.344,4.256,7.68,5.608,5.309,6.814,4.516,6.701,5.123,6.253,4.605,5.115,4.779,5.205,4.489
7.584,6.642,6.773,8.527,7.703,8.514,7.262,8.485,4.703,6.963,6.929,4.516,8.62,5.359,4.456,7.123,7.426,5.905,7.65,3.976,8.607,5.252,6.446,6.922,4.047,5.843,5.406,5.646,5.357,5.702,5.145,5.897,4.186
6.287,6.74,7.147,8.317,7.773,8.247,7.837,8.601,4.684,7.561,6.96,5.167,8.029,4.931,4.06,7.859,7.381,6.006,7.519,4.277,8.682,5.679,6.59,7.786,4.905,6.281,5.001,6.939,5.454,5.709,4.927,5.387,3.824
7.288,6.629,7.837,9.265,8.654,7.944,8.191,9.75,5.476,8.759,7.868,5.903,9.122,6.337,4.62,7.744,9.513,7.038,8.872,4.363,8.47,6.127,7.835,8.182,8.384,8.64,6.965,8.317,5.957,6.092,5.177,3.387,6.598
6.851,7.446,7.799,9.282,8.331,11.252,8.432,9.265,7.392,8.513,7.657,5.395,8.27,6.977,4.344,7.913,9.571,6.748,8.433,6.464,8.886,5.981,7.586,8.179,6.385,7.48,6.422,7.545,5.349,6.79,5.308,5.303,7.078
7.505,6.342,7.672,9.416,8.43,8.683,8.822,9.076,7.235,7.947,8.424,4.176,9.283,6.823,4.653,7.037,7.871,6.879,8.509,4.307,9.357,4.942,8.045,7.777,6.601,7.031,3.798,7.504,5.539,7.06,4.797,4.11,4.196
6.314,6.9,7.733,8.442,7.867,8.085,7.725,8.575,4.69,7.234,7.335,5.209,8.484,5.417,4.732,7.576,8.655,5.948,7.744,3.714,8.277,4.747,6.565,7.258,4.022,6.19,5.072,5.947,5.496,5.422,4.861,5.819,4.086
8.096,7.335,8.543,9.567,8.438,9.111,8.292,9.465,6.615,8.075,8.048,7.028,9.316,6.941,4.273,6.59,9.187,7.189,8.389,5.095,9.192,6.593,8.534,6.94,9.396,7.924,4.978,7.234,6.033,8.277,6.552,4.106,7.958
6.655,6.504,7.266,7.835,7.659,8.326,7.553,8.299,4.735,7.445,6.508,4.312,7.685,5.282,4.191,7.458,7.756,6.197,7.32,4.275,8.384,4.915,7.235,6.907,4.44,6.053,5.077,6.506,5.355,5.503,4.838,5.837,5.014
6.766,7.049,7.255,8.256,7.858,7.648,7.624,8.029,4.788,6.923,6.495,4.463,7.958,5.607,4.251,7.273,7.659,5.917,7.544,3.94,7.937,4.498,6.821,6.937,3.483,5.419,4.65,5.583,5.154,5.384,5.035,4.937,4.884
7.55,6.881,7.136,8.338,8.096,9.367,7.858,8.328,5.589,7.53,6.749,4.845,8.93,5.49,4.821,7.378,9.699,6.438,7.789,4.26,8.77,5.174,6.415,7.653,4.287,6.27,5.267,6.416,5.236,5.512,5.178,5.807,5.145
8.074,6.758,7.984,9.704,8.437,9.208,7.583,9.867,6.032,9.643,7.789,5.835,9.262,6.43,4.238,8.264,9.644,7.989,9.029,4.446,8.771,5.748,8.267,7.763,6.486,7.846,5.938,6.641,5.904,7.379,5.2,3.936,5.928
6.93,6.261,6.698,8.446,7.7,7.846,7.28,8.297,4.394,7.216,6.425,3.828,7.843,5.148,4.105,7.32,7.221,6.058,7.743,3.987,8.466,4.542,7.133,7.14,4.287,5.792,5.111,6.912,5.276,5.31,5.134,5.444,4.044
7.044,7.291,7.999,9.723,8.047,7.978,8.153,9.623,4.501,7.678,7.791,6.377,9.372,7.397,4.668,9.201,9.428,7.163,9.501,3.991,8.789,6.075,6.65,7.421,7.946,7.577,7.144,6.273,6.361,8.483,5.473,3.545,5.95
6.416,6.658,7.26,8.376,7.691,7.891,7.462,8.327,4.446,6.996,7.244,4.193,8.068,5.188,4.275,7.475,7.766,6.151,7.924,3.636,8.238,5.033,5.273,7.379,4.016,6.278,5.098,5.847,5.0,5.141,4.772,4.736,4.252
7.458,7.417,7.868,9.287,8.519,7.852,8.692,9.393,8.119,7.91,6.445,4.688,8.605,5.283,4.149,7.002,6.687,6.986,8.219,4.366,8.396,6.031,7.364,8.106,6.352,6.76,5.416,7.144,5.506,6.578,5.181,4.021,7.715
7.444,7.338,7.514,9.11,8.339,9.142,8.166,9.325,5.125,7.817,7.802,4.946,9.891,5.696,4.022,8.019,8.542,7.283,8.076,5.271,9.687,7.375,7.284,7.17,7.067,8.458,5.582,7.524,4.844,7.45,5.255,4.165,6.26
6.815,5.991,6.508,8.331,7.89,8.372,7.676,8.322,5.203,7.149,6.616,3.827,7.432,4.922,4.309,7.561,7.564,5.693,7.033,4.437,8.341,4.506,6.844,7.508,4.147,6.322,5.094,6.295,5.527,5.813,5.113,5.319,4.186
6.797,7.468,7.667,9.836,8.279,7.751,8.447,9.726,6.144,7.52,7.54,4.71,9.259,6.648,4.715,8.617,9.157,7.615,8.809,4.76,9.234,6.004,8.13,8.077,4.497,8.132,6.205,7.706,6.274,5.491,5.123,3.843,6.73
6.184,6.172,6.88,8.203,8.18,7.923,7.397,8.25,5.035,7.985,5.711,3.282,7.099,4.817,4.498,7.351,8.566,6.102,6.788,3.424,7.606,5.489,6.719,6.385,4.724,5.205,4.628,5.472,5.556,5.298,4.865,4.42,5.187
7.178,7.002,7.375,9.311,8.157,8.307,8.248,8.386,6.234,7.518,6.844,4.038,8.915,5.863,4.3,8.152,9.662,6.526,7.789,4.501,8.534,5.383,7.837,8.227,6.445,7.96,5.652,6.566,5.573,6.508,4.939,3.846,6.164
6.685,7.041,7.267,9.405,8.159,9.457,8.43,9.209,5.571,7.545,6.741,5.21,9.29,4.189,3.729,9.017,9.305,6.903,8.599,4.519,7.931,5.496,7.033,8.436,5.723,7.959,6.826,7.896,6.275,5.799,6.284,4.167,5.21
7.003,6.305,6.441,8.192,7.792,8.23,7.658,8.167,4.442,7.274,6.951,4.256,7.278,5.437,4.158,7.505,7.677,5.834,7.337,3.973,8.308,5.425,6.757,7.29,4.853,6.505,4.909,6.654,5.28,5.066,4.821,4.566,4.132
6.429,6.227,6.72,7.864,7.896,8.295,7.618,8.179,5.558,7.148,7.041,3.896,8.046,5.927,4.097,7.215,7.212,5.991,7.25,4.625,8.237,4.962,6.412,7.525,4.483,6.01,5.023,5.81,5.193,5.685,4.842,5.25,4.446
7.434,7.869,8.59,8.965,8.546,7.413,9.02,8.836,4.842,8.552,7.511,5.607,9.402,5.96,4.637,8.505,9.744,7.052,8.968,4.679,8.799,6.38,8.382,8.477,6.773,8.858,6.292,8.31,6.342,7.336,5.3,3.991,6.767
6.765,6.506,6.942,8.225,7.982,9.657,8.035,8.468,6.001,7.941,6.875,4.47,7.564,5.115,4.132,7.104,7.285,5.958,7.412,4.806,8.416,4.921,7.201,7.117,4.527,6.191,4.977,7.784,5.347,5.322,5.076,7.019,4.88
6.621,6.997,7.527,8.114,7.907,8.339,7.78,8.376,5.482,7.603,7.084,4.825,8.067,5.586,3.939,8.133,8.077,6.339,7.896,4.054,7.834,4.796,6.692,7.039,4.545,6.67,4.998,6.927,5.207,5.783,5.105,5.167,4.227
5.775,5.741,6.511,7.99,7.944,8.685,7.576,7.675,5.829,6.633,5.795,3.779,7.174,5.109,3.901,6.698,6.553,6.49,7.502,3.631,7.152,6.206,4.963,6.814,3.964,6.169,4.524,5.588,4.554,4.597,5.126,4.477,4.462
7.733,6.418,6.564,8.541,7.709,8.066,7.315,8.481,4.9,7.497,6.861,4.606,8.415,5.171,5.049,7.601,7.471,6.168,7.718,4.073,8.784,4.722,6.991,7.493,4.428,6.298,5.242,6.32,5.68,5.51,5.058,5.452,4.403
6.471,6.521,6.897,8.478,7.67,7.986,7.776,8.005,4.327,7.012,6.176,3.691,8.213,4.789,4.955,7.969,7.124,5.598,7.669,4.092,8.03,4.377,6.341,7.219,4.206,5.345,5.149,5.835,5.35,5.116,4.886,5.253,4.566
7.998,6.272,7.065,10.325,8.023,8.735,7.232,10.623,5.639,7.222,7.888,5.761,8.79,6.03,4.649,8.278,8.871,7.077,8.889,4.542,9.01,4.756,7.009,8.427,7.673,7.111,5.943,6.514,6.247,6.759,4.959,3.894,5.031
6.4,7.219,7.38,7.927,7.909,9.702,7.721,8.644,7.026,7.729,7.007,4.425,7.929,5.302,3.755,7.107,7.379,6.307,7.629,4.02,8.061,4.756,6.791,7.421,4.813,5.938,4.782,6.114,5.377,5.179,5.061,7.224,5.476
6.782,6.41,7.648,9.697,8.554,7.637,8.395,10.51,4.786,8.322,7.499,6.841,9.325,5.513,4.577,8.178,7.521,6.829,8.605,4.22,9.399,5.825,8.503,8.924,6.496,8.86,6.057,7.343,6.847,5.816,5.226,3.98,5.217
6.032,6.743,6.503,8.486,7.681,7.748,7.448,8.31,4.229,7.11,6.756,3.852,7.56,5.076,4.06,7.455,8.324,5.727,7.168,3.539,8.01,5.747,6.394,6.471,4.02,6.739,4.935,6.568,5.323,5.401,5.239,4.519,4.577
6.013,7.368,7.891,9.281,8.939,8.973,8.737,9.676,4.127,7.844,8.16,6.111,9.209,5.743,4.51,9.122,11.519,7.263,8.681,4.026,9.228,6.027,7.82,8.085,5.094,8.776,6.943,7.506,5.549,6.927,5.698,3.772,4.988
6.544,6.174,6.855,8.236,7.441,8.841,7.733,7.685,4.701,7.3,5.929,3.434,7.522,4.869,4.32,6.493,7.477,5.772,7.203,3.869,7.96,4.721,6.97,6.274,4.314,5.439,4.496,6.001,5.69,5.557,5.062,5.286,4.615
7.577,7.585,8.024,9.962,8.466,9.2,8.292,9.12,3.682,7.748,7.776,5.421,10.399,6.418,5.698,8.678,10.248,7.308,9.503,5.518,9.514,8.108,7.602,8.412,6.934,8.799,6.507,7.096,5.92,7.277,5.89,3.808,4.635
6.883,6.269,6.477,7.878,7.988,7.56,7.345,8.401,4.57,7.786,6.122,3.728,7.004,4.823,4.392,6.671,8.13,5.804,7.376,3.735,7.503,5.182,6.717,6.808,4.201,5.134,5.13,6.281,5.196,5.564,4.83,4.163,4.458
7.254,7.95,8.433,9.306,8.793,9.412,8.695,9.981,4.378,7.923,7.863,7.496,9.239,6.781,4.244,9.261,8.821,8.078,9.07,4.771,8.736,5.6,7.52,8.517,7.358,8.382,5.73,6.928,5.58,6.129,5.968,3.762,5.86
6.931,6.203,6.605,8.603,7.613,7.379,7.385,8.802,4.432,6.927,6.393,3.842,7.633,4.982,4.258,7.215,7.261,5.883,7.455,3.709,8.611,4.834,6.495,7.191,4.206,6.338,4.232,6.484,4.897,4.612,4.816,5.056,4.144
6.85,7.249,8.203,9.236,8.594,9.399,8.049,8.86,6.558,8.463,7.803,5.37,8.723,7.065,4.278,7.481,8.716,6.7,8.691,4.62,7.835,4.914,7.402,8.151,7.51,7.287,5.765,7.326,5.885,6.419,5.303,4.12,6.51
6.849,6.685,6.939,8.502,8.191,8.519,7.951,8.061,4.756,7.181,6.913,4.273,8.27,5.325,4.109,7.223,7.743,5.883,7.596,3.837,8.101,5.344,6.42,6.647,4.982,6.455,5.032,6.409,5.756,5.421,5.09,6.297,4.14
6.773,6.039,6.012,8.586,7.863,7.946,7.82,8.323,4.723,7.154,6.974,4.017,7.46,4.201,4.27,6.944,6.933,5.958,7.331,3.854,8.447,5.152,6.796,6.581,4.18,6.494,4.689,6.753,5.366,5.365,5.079,5.342,4.597
6.513,5.819,7.404,8.675,7.263,9.132,7.822,8.565,4.985,7.021,6.322,4.098,7.054,4.214,4.312,6.855,6.629,5.524,6.155,4.038,8.33,4.227,6.714,6.503,3.766,5.004,3.92,5.9,5.234,6.065,4.904,5.646,4.025
5.249,7.355,7.005,9.463,8.881,9.939,8.253,8.987,5.21,7.437,7.993,4.503,9.276,5.716,4.246,8.21,7.744,7.699,7.279,4.85,8.529,4.303,6.586,7.684,4.565,7.447,3.472,7.299,4.307,5.302,4.266,4.445,5.74
6.494,6.517,7.03,8.425,7.844,8.467,7.679,8.101,4.95,6.98,6.777,3.875,7.87,5.702,4.382,7.046,7.728,6.097,7.259,4.346,8.309,5.258,6.816,6.892,3.58,6.032,5.273,5.867,4.814,5.27,5.216,5.301,4.512
6.67,6.82,7.797,8.728,8.181,10.024,8.009,9.097,6.644,7.789,7.311,5.289,8.469,6.608,4.0,7.769,8.486,6.882,8.322,5.237,8.254,5.764,7.208,7.877,6.318,7.28,5.701,6.546,4.95,5.856,5.34,5.496,6.569
7.347,7.688,8.683,8.459,7.901,7.726,7.695,9.384,5.531,7.548,8.363,4.357,8.267,7.316,4.35,9.566,9.841,8.132,8.946,4.127,8.597,4.876,7.09,8.589,7.091,7.809,5.698,7.222,5.22,6.619,5.223,4.062,5.808
6.44,7.776,8.439,9.785,7.917,9.041,8.86,9.594,4.6,8.143,7.526,6.77,9.504,7.435,4.258,8.088,9.736,7.829,9.119,5.355,8.802,5.852,7.58,7.934,6.655,6.853,5.206,7.77,5.463,5.733,5.676,3.98,7.085
6.809,6.07,6.398,8.343,7.784,7.797,7.425,8.183,4.155,7.076,6.468,3.709,7.988,5.283,4.196,6.551,7.407,5.726,7.343,4.158,8.251,4.753,6.6,7.024,4.338,5.469,5.159,5.534,5.604,5.892,4.978,5.075,4.577
6.578,6.452,7.068,8.491,7.975,8.844,7.741,8.534,5.6,7.162,6.498,3.541,7.659,5.03,4.546,6.763,8.129,5.56,7.435,4.545,8.258,4.895,7.156,7.112,3.613,5.695,4.213,6.107,5.285,5.663,5.022,6.017,4.481
6.691,6.788,7.271,8.288,7.987,9.091,8.272,8.542,6.104,7.413,6.813,4.575,8.083,5.32,4.257,8.433,8.565,6.369,7.397,4.001,8.625,4.645,7.35,7.726,4.459,6.147,4.896,8.015,5.504,5.619,5.039,6.098,5.134
5.848,7.142,7.799,8.578,8.546,9.158,8.453,8.236,7.502,8.735,7.045,5.055,8.331,5.699,4.221,9.463,9.552,7.011,7.793,4.474,9.124,6.106,8.465,7.738,5.726,8.167,5.375,6.509,5.896,7.46,5.485,3.765,7.189
5.076,5.827,5.898,9.613,8.034,8.215,7.014,9.495,4.547,6.464,6.776,6.279,9.825,4.638,4.067,7.844,5.666,6.339,9.038,3.487,4.932,5.993,3.638,6.427,4.35,9.206,4.579,7.2,5.852,4.816,5.065,3.312,4.55
6.455,6.767,7.261,8.932,8.879,11.033,8.419,8.757,6.111,7.33,7.323,3.883,8.302,4.771,4.103,7.151,8.91,6.573,7.838,5.588,9.018,6.136,7.575,7.899,5.328,7.511,5.587,7.607,5.068,5.385,4.799,5.105,5.817
6.732,7.075,7.452,8.218,7.838,8.653,7.832,8.678,5.255,7.667,6.87,4.502,8.385,5.537,4.113,7.941,7.679,6.017,7.544,3.967,8.227,4.87,6.546,6.83,4.428,6.216,5.028,6.334,5.336,5.951,5.534,6.183,4.72
7.182,6.315,7.725,8.387,9.341,10.041,8.612,9.103,5.755,7.047,8.094,6.06,9.132,4.497,4.982,8.668,8.565,6.334,8.059,5.047,8.897,3.955,6.743,7.747,5.697,8.075,6.422,8.212,4.9,6.572,5.577,4.068,5.415
6.518,7.109,8.004,9.546,7.942,10.021,8.287,9.668,6.398,7.005,7.527,6.695,9.28,6.539,5.183,8.777,8.835,6.631,8.726,4.81,7.899,6.481,8.08,7.851,8.157,7.58,6.231,5.728,5.673,6.108,5.603,3.898,7.614
6.351,7.039,6.132,9.266,8.377,9.496,7.856,8.978,8.194,7.98,7.183,3.745,8.051,5.345,4.357,8.127,8.119,6.005,7.68,4.132,8.237,5.292,7.033,7.637,5.499,6.958,5.772,7.658,5.969,5.214,4.575,3.978,5.643
6.782,7.395,7.976,9.271,8.364,8.786,8.456,9.125,6.562,9.109,7.148,5.384,8.254,6.35,4.076,7.096,10.334,6.838,8.689,5.121,7.592,5.338,7.181,8.368,5.496,7.795,6.135,7.207,5.827,5.872,6.007,4.122,7.72
7.634,6.683,7.433,9.698,8.58,9.334,8.221,9.283,5.706,7.695,7.62,7.024,9.102,5.75,3.88,7.867,8.206,7.521,8.644,4.772,8.235,5.611,7.741,8.009,6.888,8.453,7.221,7.847,5.757,8.27,5.747,4.062,6.282
6.879,7.608,8.157,10.347,8.44,10.408,8.273,9.807,5.773,8.274,7.321,5.785,8.909,7.374,4.079,7.981,8.29,7.385,9.306,5.439,8.809,5.891,8.009,7.923,6.794,7.734,5.752,7.139,5.913,6.223,5.327,3.522,6.397
8.042,7.209,7.582,8.492,8.296,9.457,8.591,8.429,5.376,7.855,7.876,4.998,9.498,6.069,5.677,7.438,9.903,6.34,7.83,5.884,9.66,5.091,7.621,9.719,5.057,7.801,6.235,7.966,5.754,6.627,5.083,4.021,5.525
7.218,5.868,6.46,8.4,7.593,8.325,7.103,8.152,3.946,7.65,6.695,4.078,8.444,5.616,4.836,6.438,7.333,5.423,7.17,3.722,8.903,4.432,6.607,7.075,4.675,5.61,4.813,6.921,5.298,5.533,5.005,5.225,4.333
7.144,6.662,7.499,8.135,7.443,6.818,7.497,7.886,4.112,6.813,6.506,4.551,8.052,5.54,4.148,7.538,8.714,5.823,7.285,3.868,7.777,4.925,6.252,7.135,3.744,5.775,4.555,5.275,5.276,5.35,4.897,4.767,4.31
7.87,6.414,6.838,8.389,7.706,7.916,7.249,8.352,3.809,7.525,6.725,4.203,8.42,5.286,4.695,6.821,7.479,5.788,7.659,3.892,9.066,4.93,6.566,6.635,4.335,5.931,5.04,6.256,5.444,6.062,5.065,4.603,3.599
7.523,7.066,7.894,9.097,8.308,6.591,8.72,8.981,5.27,8.433,8.33,5.538,9.26,5.591,4.343,8.664,9.474,7.113,7.849,4.077,8.866,5.271,8.793,8.201,7.37,7.661,6.535,6.369,6.255,7.291,5.991,4.003,4.966
7.093,6.555,7.137,8.287,7.702,8.662,7.516,8.148,4.856,7.413,6.829,4.952,8.542,5.922,4.489,7.44,7.51,6.027,7.527,4.105,8.699,4.842,6.58,7.598,4.08,6.154,5.343,6.219,5.215,5.488,4.874,5.13,3.872
6.344,5.855,6.895,8.208,8.39,9.217,7.478,8.454,6.47,7.471,6.093,3.245,7.36,4.636,4.468,6.357,7.466,6.617,7.361,4.095,7.609,5.271,6.433,5.372,4.108,4.891,4.798,6.04,5.32,5.406,5.787,5.33,5.213
7.563,7.561,7.693,9.566,8.638,8.963,8.397,8.68,5.998,8.172,7.218,6.68,8.543,5.869,4.605,8.949,7.476,7.202,8.334,4.94,8.181,4.682,7.223,7.131,5.876,6.832,7.415,7.977,5.854,6.964,5.417,3.895,7.334
7.513,6.276,6.469,8.342,7.96,10.043,7.445,8.095,5.152,7.327,6.425,4.229,8.443,5.343,5.39,6.848,7.489,6.095,7.674,5.031,9.103,4.895,6.941,7.31,4.02,6.211,5.096,7.512,5.545,5.832,4.93,5.083,4.708
6.767,7.654,8.068,9.025,8.225,9.337,8.34,8.773,4.951,8.543,6.978,6.248,9.003,6.729,4.449,8.266,9.504,7.287,8.192,5.086,8.831,6.041,7.842,8.937,5.731,7.736,6.419,6.545,6.253,6.491,5.325,3.899,6.711
6.239,7.617,8.949,9.717,8.095,8.498,8.081,10.598,3.984,8.486,7.666,7.153,9.99,6.801,4.612,9.934,8.431,8.229,9.189,4.511,9.378,6.767,8.255,7.99,5.053,8.416,5.809,3.845,5.968,5.02,5.617,3.871,5.677
7.225,7.811,8.191,9.518,8.267,9.621,8.026,9.809,5.681,8.538,7.131,6.042,9.057,6.499,4.356,8.632,9.07,7.221,8.384,5.29,9.003,6.207,7.539,7.541,7.326,7.535,6.705,7.019,5.222,6.853,5.795,3.636,6.581
7.706,7.588,8.699,9.199,9.113,8.927,8.712,9.482,4.409,8.214,8.073,5.944,10.061,6.863,4.393,8.264,9.002,7.199,8.509,4.823,9.86,7.197,8.46,7.675,6.803,7.445,6.171,7.189,5.446,7.761,5.129,4.125,6.345
6.248,6.664,7.258,8.166,7.685,7.893,7.53,8.113,4.056,7.312,6.621,4.184,7.945,5.229,4.262,7.551,8.814,5.825,7.838,3.889,8.153,5.382,7.023,6.551,4.706,6.236,4.995,5.319,5.409,6.024,5.601,4.482,4.167
6.571,7.078,7.348,8.334,8.002,9.3,7.712,8.168,4.719,7.014,6.237,4.944,7.866,4.951,3.935,7.233,8.157,5.986,7.447,3.887,8.37,4.803,7.809,7.155,4.539,6.295,5.262,6.603,5.425,5.102,5.02,6.493,4.347
6.4,6.014,6.45,8.012,8.092,10.044,7.593,8.262,5.278,7.446,6.791,4.149,7.239,4.668,4.132,7.374,7.564,6.251,7.231,4.331,7.733,4.792,7.336,7.358,4.962,6.004,4.292,6.892,5.316,5.192,5.127,6.723,4.715
5.921,6.163,6.699,8.695,8.111,9.02,7.704,7.74,5.176,6.906,6.494,3.514,8.254,4.368,4.047,7.222,8.369,5.697,7.708,4.163,7.03,4.648,6.197,6.353,4.444,5.607,5.076,5.952,5.739,5.641,5.951,5.661,4.429
6.343,6.996,8.685,9.422,8.095,9.145,8.713,10.159,6.436,8.039,7.411,7.112,9.526,7.81,4.55,8.298,8.633,7.807,8.192,4.249,9.429,4.959,7.742,8.275,5.418,6.477,4.672,4.368,5.096,4.488,5.617,3.799,5.143
6.814,7.189,8.482,10.011,8.762,9.536,8.949,8.664,5.046,8.439,7.841,6.372,9.386,6.028,3.879,9.016,10.698,6.939,8.284,4.634,9.204,6.345,8.816,8.282,7.618,7.781,8.278,7.764,6.046,7.039,6.318,3.916,5.68
7.054,7.331,7.593,9.681,8.294,8.029,8.267,9.455,5.371,7.719,7.074,5.846,9.211,6.904,4.314,6.167,7.958,7.265,8.543,4.503,8.51,4.653,7.625,8.394,7.72,7.626,5.724,7.017,6.366,6.586,5.546,4.281,6.859
6.316,7.428,7.977,8.973,8.203,9.503,8.302,9.615,6.592,7.015,7.228,6.435,9.574,5.459,4.671,7.76,9.347,6.589,8.144,4.692,8.421,5.771,6.92,6.803,8.01,7.525,5.995,7.134,5.743,6.692,5.566,3.559,7.165
7.331,5.778,5.808,8.045,7.833,7.655,7.148,8.366,4.376,6.959,6.458,4.198,7.91,5.761,4.806,6.632,7.744,5.558,7.215,3.867,9.114,5.21,6.439,6.469,3.896,5.354,4.855,5.896,5.155,5.556,5.152,4.759,3.683
6.916,7.222,7.711,8.114,7.751,9.193,7.749,8.629,6.503,7.4,7.031,5.164,8.157,5.761,4.268,7.285,8.368,6.229,7.79,4.384,8.533,4.582,6.421,7.148,4.038,6.661,5.204,6.357,5.36,5.195,5.277,6.754,4.926
6.23,6.602,7.041,7.061,7.738,8.119,6.953,8.438,4.4,7.269,7.258,4.427,7.251,4.818,4.062,7.359,8.1,5.929,7.563,3.551,7.514,4.82,6.619,7.047,4.571,5.876,4.809,5.966,5.217,5.88,5.193,4.985,4.338
6.558,6.914,7.272,8.483,7.86,8.819,7.561,8.454,4.241,7.446,6.34,4.506,7.845,5.338,4.214,8.013,8.297,6.083,7.554,4.408,8.059,5.101,6.38,6.852,4.705,6.348,4.959,6.073,5.645,5.257,4.999,5.615,4.317
6.291,6.469,6.588,7.662,7.684,9.219,7.16,8.267,4.832,6.886,7.007,4.064,7.178,5.209,4.088,7.693,7.54,6.016,7.453,3.872,7.47,4.459,6.601,7.704,3.895,5.408,4.791,5.969,5.266,5.665,5.032,5.565,4.349
6.651,7.443,7.852,8.103,8.274,10.869,7.851,8.571,6.919,7.394,7.374,4.896,8.343,5.744,3.959,7.703,8.468,6.086,7.744,5.589,8.26,5.358,7.009,7.493,5.185,7.055,5.123,6.254,5.26,5.825,5.282,6.23,6.265
6.527,7.8,8.438,9.775,8.534,9.898,8.522,9.718,5.602,8.267,7.73,6.334,10.043,6.656,4.501,9.112,9.479,7.644,9.11,5.02,8.833,6.974,7.823,8.149,7.435,8.044,6.604,7.301,5.692,5.65,5.469,3.767,6.63
7.172,7.0,7.105,8.465,8.082,9.591,8.219,8.45,5.047,7.982,6.878,3.624,7.671,5.086,4.261,7.375,7.341,6.495,7.749,4.736,7.819,4.899,6.865,6.946,4.386,5.987,4.688,6.795,5.551,5.908,4.69,4.616,5.301
6.133,7.292,7.495,9.845,8.629,10.589,8.603,9.567,6.165,7.498,7.878,5.098,8.375,6.77,4.356,7.335,8.215,6.878,8.797,6.907,8.788,5.646,7.345,7.502,7.502,7.367,7.195,7.085,5.768,5.351,5.525,4.56,6.775
5.879,8.004,8.295,9.394,8.278,9.195,8.546,11.49,5.764,8.78,7.242,5.658,8.862,5.218,4.255,9.458,8.585,7.358,8.812,4.238,9.04,4.899,8.298,7.869,6.918,7.596,6.211,6.369,6.091,6.533,6.193,4.005,6.727
7.448,7.427,7.486,8.878,8.42,9.123,8.361,9.242,5.421,7.578,7.021,4.249,9.264,5.406,4.186,8.176,8.677,6.77,8.885,4.938,8.975,4.901,7.37,8.036,6.081,7.061,6.398,7.138,6.368,6.678,5.883,3.892,8.1
6.902,6.673,7.334,8.271,7.265,7.797,7.819,8.334,4.871,7.167,7.007,4.232,8.278,5.489,4.144,6.875,7.263,5.572,7.64,3.855,8.247,4.982,6.96,6.62,4.411,5.922,5.397,5.906,5.45,5.469,4.873,5.54,4.687
7.511,6.761,7.2,9.371,8.146,9.929,8.643,9.19,6.389,8.5,7.806,6.309,7.985,6.472,4.288,7.211,9.164,7.058,8.934,5.537,9.361,6.128,7.356,8.698,5.828,7.688,5.984,7.951,5.938,6.891,5.336,4.445,6.517
6.942,6.625,7.378,8.158,7.738,8.728,7.566,8.457,5.059,7.602,6.956,4.856,8.133,5.646,4.031,7.357,8.042,5.857,7.471,4.001,8.128,4.617,6.58,7.215,4.389,6.137,4.998,5.691,5.295,5.791,5.04,6.428,4.329
8.143,6.401,6.973,10.159,8.256,7.802,8.425,9.845,5.649,8.104,7.4,5.396,8.877,7.256,5.382,7.264,9.207,8.249,9.2,4.144,10.046,5.674,7.878,8.133,6.099,7.408,5.398,6.311,5.903,7.024,5.067,4.095,4.664
6.372,6.423,6.959,8.077,7.72,8.546,7.712,8.558,5.061,7.993,6.722,3.851,7.832,5.283,3.832,7.643,8.241,5.803,7.493,3.944,7.845,4.878,7.243,7.299,4.132,5.596,5.054,5.684,5.324,5.342,4.875,4.793,4.517
6.597,7.575,7.597,9.565,8.038,9.256,8.261,9.578,4.874,7.924,7.898,6.788,8.88,6.092,4.223,8.383,7.944,7.085,9.055,5.157,8.257,5.367,7.11,7.357,6.765,6.796,7.41,6.444,5.455,6.215,5.871,3.681,6.804
6.315,5.675,6.378,8.034,7.859,6.721,8.139,8.445,5.027,6.747,6.441,4.256,6.545,5.585,3.806,6.3,6.151,5.281,6.96,3.849,9.101,3.851,6.935,7.301,3.487,5.392,2.958,7.149,4.891,5.312,5.583,5.947,3.766
7.353,6.116,6.886,9.081,7.885,10.367,7.323,9.296,7.371,8.065,6.899,4.213,9.438,5.857,4.755,8.075,8.727,7.452,8.334,5.865,9.901,5.483,7.631,7.64,4.626,6.666,4.882,6.857,6.441,5.784,5.148,3.736,7.688
7.335,6.087,6.367,8.269,8.222,8.476,8.197,8.658,5.041,8.656,7.11,4.331,7.536,5.143,4.048,7.027,7.715,6.216,7.552,4.26,8.398,4.458,6.896,7.202,6.152,6.057,5.151,7.649,5.325,5.955,5.089,4.277,5.375
6.62,6.793,7.38,8.067,7.696,8.864,7.862,7.992,5.224,7.67,6.626,5.071,8.313,5.689,4.292,7.393,7.832,6.046,7.262,4.098,8.48,4.856,6.755,7.835,5.875,6.024,4.92,6.842,5.289,5.554,5.234,4.556,5.02
6.671,6.413,6.773,8.114,7.627,9.073,7.911,8.188,4.762,7.192,6.431,3.789,7.75,4.902,3.935,7.374,8.822,5.852,7.288,3.711,8.114,4.742,7.058,6.385,4.398,6.193,4.796,6.569,5.401,5.754,5.051,5.898,4.457
7.074,6.933,7.346,9.674,8.326,8.942,8.692,9.216,5.994,8.428,7.337,5.062,8.043,5.391,4.655,7.839,6.974,6.581,8.745,4.424,8.78,4.843,7.293,8.205,5.946,6.572,6.004,7.972,6.789,6.006,5.621,4.687,6.285
6.625,6.222,6.668,8.2,7.597,7.796,7.245,8.134,4.855,7.244,6.507,3.956,7.571,5.044,4.514,7.214,8.127,5.761,7.505,3.867,8.327,4.623,6.804,7.362,4.386,5.848,4.017,5.469,5.881,5.618,4.887,5.748,4.246
6.624,6.406,6.817,8.184,7.805,8.469,7.69,8.212,4.31,6.833,6.507,4.197,8.133,5.219,4.142,7.192,7.254,5.839,7.647,4.068,8.031,4.628,6.638,7.008,4.093,5.635,5.078,5.448,5.345,5.438,4.873,5.293,4.176
6.827,6.696,6.713,8.634,7.877,8.929,7.654,8.535,5.165,7.871,6.626,4.156,7.997,5.514,4.28,6.812,7.754,5.931,7.503,4.144,8.755,5.092,6.539,6.535,3.808,5.983,5.022,6.818,5.389,5.366,4.981,5.724,4.644
6.825,6.718,6.972,8.639,8.013,8.244,7.59,8.438,5.11,6.808,7.027,4.0,8.436,5.057,4.25,6.948,8.065,5.736,8.058,4.243,8.299,5.075,6.785,7.127,4.313,6.44,4.884,6.148,5.4,5.936,4.713,5.073,4.235
6.261,6.954,7.513,8.335,8.037,8.65,7.955,8.063,5.122,7.186,6.858,3.772,7.992,5.643,4.166,7.489,8.139,5.838,7.392,3.89,8.03,5.478,6.946,6.799,4.04,5.837,5.048,5.805,5.5,5.194,5.041,5.188,4.465
6.735,7.766,6.13,8.992,9.266,8.967,8.711,8.907,4.23,6.887,6.372,3.576,8.325,5.185,4.135,7.536,6.673,6.449,8.394,3.953,8.443,6.659,5.912,8.138,4.226,6.313,5.595,5.532,4.528,3.906,5.306,3.906,4.59
7.55,6.446,7.32,9.222,8.582,8.499,7.928,9.091,5.568,9.254,6.723,5.679,8.082,5.067,4.319,8.441,8.797,7.117,8.839,3.934,8.658,4.722,8.596,7.818,5.369,7.777,6.07,8.419,6.858,6.2,4.756,4.309,5.532
7.097,6.977,7.702,8.392,8.232,8.07,8.397,9.07,7.046,7.489,7.099,5.02,8.188,5.443,4.425,7.625,9.488,6.989,7.992,4.377,8.661,6.082,6.83,7.299,4.935,7.355,5.792,7.12,5.945,6.484,5.221,4.264,7.801
7.409,8.162,8.24,9.989,9.499,9.426,7.894,8.903,5.772,7.917,7.628,6.935,9.136,6.158,4.671,8.679,10.796,6.847,9.327,4.849,8.626,6.128,7.984,7.232,7.795,8.039,6.495,7.613,5.505,7.327,5.923,3.69,6.517
7.329,5.98,6.396,8.387,7.579,8.771,7.405,7.656,5.153,7.037,6.54,3.635,8.466,5.352,4.64,6.188,7.077,5.613,7.253,3.965,8.897,4.732,6.979,7.409,4.063,5.668,5.161,5.951,5.563,5.128,4.69,5.459,4.44
6.756,7.678,8.311,8.998,7.84,8.391,8.714,9.906,5.501,8.344,7.533,6.15,8.963,6.891,3.993,8.61,10.155,7.813,9.344,4.062,8.457,5.363,7.495,8.827,6.779,7.877,6.956,8.615,5.929,5.362,5.758,3.597,5.213
6.937,7.879,7.878,9.04,8.38,8.986,8.299,8.959,6.383,8.239,7.101,6.564,8.977,6.665,5.011,7.727,8.516,6.099,8.434,4.881,8.143,5.649,6.952,7.575,7.693,7.398,5.913,6.889,5.544,6.282,5.491,4.0,6.636
7.398,7.834,8.205,9.352,8.122,8.659,8.579,9.371,5.694,8.44,7.853,6.274,9.397,6.033,4.676,7.987,9.973,6.982,8.974,5.749,8.816,5.645,8.124,7.668,8.264,8.545,6.987,7.822,6.142,6.606,6.179,3.86,5.918
7.228,7.738,8.491,9.826,8.958,7.918,8.624,8.807,5.667,7.412,8.031,6.947,9.135,6.543,3.831,7.142,10.868,7.051,9.138,4.168,9.223,5.936,8.268,8.209,5.81,8.105,3.264,7.473,5.674,6.059,5.674,4.311,5.687
6.197,7.123,7.562,8.283,7.781,9.468,7.714,7.989,6.146,6.939,6.81,5.057,8.475,5.371,4.112,7.891,8.321,6.355,7.627,4.494,8.245,5.442,6.878,7.409,4.435,6.607,5.185,6.46,5.307,5.301,5.033,5.172,4.621
6.097,7.614,7.618,7.872,8.793,12.242,8.114,8.184,8.476,6.981,7.101,5.136,7.998,5.603,4.214,7.946,9.016,5.583,7.39,8.299,8.837,5.633,7.879,8.14,5.213,7.517,5.055,6.847,4.801,5.006,5.465,7.723,7.247
6.541,7.5,8.024,9.95,8.211,8.349,8.721,9.245,4.335,7.989,6.558,6.72,9.519,7.112,4.752,8.874,10.306,7.923,9.423,4.806,8.882,5.635,7.374,8.112,7.809,6.892,6.279,6.209,6.493,7.167,6.275,4.03,5.849
6.359,6.965,7.806,8.223,7.984,8.38,7.563,8.303,4.348,7.302,7.159,4.213,8.304,5.586,4.183,7.706,7.544,6.041,7.978,3.935,8.126,4.913,6.655,6.65,4.534,5.857,5.103,5.798,5.576,5.815,5.41,6.053,4.298
6.345,7.541,8.088,9.334,8.057,8.249,8.316,9.199,6.857,7.77,7.874,6.447,8.793,5.611,4.468,9.868,8.176,7.479,9.22,4.474,8.023,5.532,7.326,7.491,6.433,7.052,6.447,6.573,5.907,7.77,5.557,3.936,6.582
7.129,6.375,6.522,8.829,8.042,8.425,8.372,8.951,5.275,7.364,5.805,3.115,7.752,4.017,4.856,6.865,8.12,6.793,6.816,3.893,8.767,4.797,7.277,7.5,4.912,5.841,4.862,6.893,5.615,4.271,4.78,4.952,4.486
6.702,6.709,7.144,8.465,8.169,8.11,7.531,8.527,5.406,7.552,6.925,4.457,7.674,5.031,3.962,8.056,7.679,5.9,7.807,4.047,8.025,5.146,6.898,7.033,4.099,6.435,4.724,5.779,5.601,5.741,5.537,6.406,4.855
7.185,6.418,6.186,8.408,8.038,9.278,8.138,7.99,6.199,7.13,6.662,4.145,7.877,4.746,4.312,6.863,8.032,6.025,6.705,4.007,8.456,4.335,7.176,7.303,3.846,5.97,4.458,6.405,4.829,4.948,4.578,5.929,5.32
6.538,6.737,7.02,8.182,7.915,9.868,7.51,8.546,5.369,7.507,6.976,4.344,7.555,4.868,4.017,7.665,8.33,5.758,7.527,3.837,7.997,4.603,6.89,7.636,4.158,6.093,5.312,7.052,5.521,5.606,5.131,4.733,4.389
7.4,6.408,6.567,8.217,7.894,8.092,7.53,8.278,4.83,7.583,6.682,3.624,8.286,5.295,4.284,7.73,7.121,6.161,7.267,4.379,7.904,4.605,7.117,6.917,4.494,5.642,5.29,5.311,5.259,5.353,5.48,5.069,4.685
5.489,7.635,7.006,8.681,8.964,12.733,7.611,8.239,6.558,7.245,7.535,4.214,9.141,5.999,5.951,8.326,7.261,6.166,7.528,9.89,9.474,5.418,7.236,9.104,6.41,7.133,6.415,7.353,4.912,6.168,5.254,3.763,3.576
6.515,7.221,7.904,8.91,8.458,6.405,8.957,9.017,4.618,9.048,8.984,6.656,9.321,5.744,4.248,8.767,9.317,7.525,9.053,3.603,8.532,5.596,7.85,8.01,6.119,6.25,7.065,7.0,5.532,8.27,5.722,4.013,4.501
7.346,6.871,8.142,9.885,9.396,7.631,8.943,8.809,4.534,8.331,8.48,5.927,9.723,6.018,5.044,8.66,10.893,7.807,9.406,4.189,9.957,6.47,8.073,7.553,5.185,7.899,7.58,8.114,6.229,8.15,5.449,3.539,4.205
6.729,6.211,6.73,8.267,7.934,7.469,7.607,8.434,5.22,7.408,6.7,4.064,7.496,5.583,4.608,7.469,7.678,5.722,7.311,3.771,7.918,4.801,6.521,6.588,4.399,5.693,4.993,5.822,5.302,5.137,5.324,4.88,4.303
6.665,6.821,7.241,8.174,7.875,8.702,7.773,8.305,5.269,7.468,6.68,4.312,7.99,5.69,4.054,7.958,7.369,5.874,7.55,4.045,8.394,4.846,6.855,7.051,4.187,6.211,5.029,5.964,5.64,5.746,5.14,6.172,4.846
6.651,6.0,6.739,8.429,7.979,8.472,7.827,8.22,5.053,7.367,6.533,4.212,7.813,6.048,4.175,7.057,6.918,5.781,7.561,4.056,8.298,5.095,6.5,6.925,4.181,5.709,4.909,5.925,5.175,5.373,5.208,5.89,4.076
6.465,7.035,7.778,9.917,8.304,7.805,7.943,10.16,5.185,7.341,7.633,5.205,8.881,5.986,4.094,8.55,7.989,7.666,9.296,3.769,8.169,5.532,7.712,7.524,6.304,7.766,6.239,7.083,6.244,6.375,6.092,3.648,5.662
6.606,7.418,8.002,9.376,7.842,9.585,8.004,9.823,4.646,8.696,8.184,6.527,9.003,7.123,4.078,6.808,8.455,5.636,8.625,5.055,7.948,4.247,7.825,7.018,7.979,8.126,3.964,6.437,5.26,7.824,6.341,4.254,5.682
6.333,6.309,6.501,7.996,7.841,8.77,7.235,7.963,4.89,7.937,6.38,3.404,7.556,4.867,4.315,6.756,7.672,5.797,7.375,3.791,7.331,5.597,6.63,6.353,4.096,5.572,4.86,5.889,5.148,5.414,5.428,4.679,5.105
7.0,7.482,8.06,10.283,8.402,8.19,8.069,9.436,7.713,6.911,7.15,5.928,8.8,6.673,4.785,9.754,8.425,6.721,8.594,4.289,8.653,5.948,7.233,7.05,8.602,7.96,6.259,6.616,5.639,7.542,5.563,3.477,7.171
7.723,6.804,8.068,9.847,8.845,8.715,9.301,9.514,6.006,7.694,7.724,6.053,8.701,5.534,4.169,9.354,8.653,6.657,8.522,4.655,9.104,5.389,9.107,8.419,6.283,8.862,6.056,7.797,6.363,6.815,6.146,4.004,6.232
6.182,6.71,7.436,8.655,8.691,10.271,8.869,8.73,8.006,7.278,7.848,5.729,9.213,5.563,5.669,7.999,8.994,6.68,7.869,6.908,10.072,5.97,7.54,8.14,4.833,7.41,5.32,8.697,5.152,5.881,4.967,4.062,6.717
7.248,7.253,8.178,8.729,8.713,8.601,8.444,8.894,5.47,7.278,7.116,6.488,8.652,5.352,4.19,9.113,10.391,7.295,7.925,4.279,9.129,5.265,8.389,8.017,5.162,8.026,6.032,7.1,5.357,5.654,5.528,3.768,5.335
7.349,7.001,8.1,9.166,7.646,9.521,7.998,8.852,4.812,7.589,7.542,5.055,9.683,7.102,4.845,6.891,10.935,7.394,8.102,5.162,8.926,7.786,6.724,7.76,6.989,8.171,6.246,6.506,6.16,5.948,6.396,3.773,6.749
6.894,6.787,8.459,10.031,8.52,8.593,8.668,9.127,5.006,7.752,7.355,5.707,9.724,5.635,3.798,9.328,9.031,7.145,8.664,4.553,8.765,5.05,6.902,7.553,5.031,7.555,7.867,8.311,5.951,7.931,5.528,3.877,5.855
6.063,6.155,5.75,10.2,7.307,6.069,7.259,9.028,4.605,6.753,5.998,3.83,9.02,4.991,4.876,7.857,6.767,6.984,8.439,4.349,8.588,5.438,6.704,7.865,5.764,7.907,4.923,7.012,5.041,4.142,4.547,3.146,4.749
6.32,7.353,8.958,9.274,8.123,8.483,8.072,8.58,5.809,7.641,7.166,5.346,9.683,5.965,4.642,8.452,9.161,7.259,8.506,4.732,9.745,6.605,8.25,7.519,7.729,7.7,5.373,6.043,6.502,6.678,5.596,4.109,5.89
6.486,6.842,8.036,9.584,8.356,8.085,8.58,8.835,4.883,7.546,7.664,5.304,9.695,6.598,4.312,7.957,9.336,7.089,8.547,4.611,8.733,6.318,7.147,8.007,6.789,8.262,6.018,6.373,5.747,6.51,6.047,4.006,6.707
6.415,6.541,7.204,8.352,7.925,9.361,7.814,8.238,5.081,7.467,6.661,4.219,8.12,5.626,4.17,7.418,7.284,6.073,7.442,3.724,8.09,5.054,6.916,7.497,4.262,5.977,4.893,6.078,5.67,5.792,5.19,5.582,4.915
5.954,7.924,8.596,8.642,8.525,7.713,8.123,9.188,3.905,8.286,7.294,7.191,9.762,5.722,4.856,9.453,9.024,7.286,8.315,4.276,9.032,6.254,7.938,9.329,6.795,8.651,6.749,8.145,5.826,6.881,5.384,3.457,5.283
6.959,6.555,6.524,8.416,7.585,9.27,7.697,7.686,5.279,6.978,6.512,3.463,7.191,4.911,4.471,6.705,7.257,6.195,7.37,3.738,8.138,5.875,6.041,6.728,3.989,6.753,4.361,7.124,5.419,4.913,4.242,4.511,4.635
7.209,7.567,8.618,8.709,9.169,7.86,9.54,8.217,5.784,8.842,8.263,5.695,9.406,5.792,4.333,8.348,9.988,6.661,8.485,4.907,9.869,5.169,8.455,7.668,5.362,7.369,6.745,7.573,6.767,7.99,5.498,4.017,6.078
6.77,6.713,7.239,7.974,7.928,8.343,7.741,8.2,5.481,7.435,6.577,4.557,7.766,5.371,4.091,7.162,8.949,5.988,7.398,4.334,7.889,5.166,6.974,7.263,4.266,6.312,4.728,6.351,5.186,5.627,5.286,5.629,4.827
6.839,7.748,8.918,9.384,8.838,8.421,7.727,9.152,4.564,7.163,8.235,6.472,8.49,6.83,5.575,7.684,9.165,7.913,9.456,5.094,9.848,6.7,7.745,7.211,6.187,8.209,6.387,6.485,5.098,6.187,5.553,3.954,6.862
7.381,6.309,6.707,8.58,8.121,8.61,7.686,8.316,5.946,7.564,7.173,4.272,8.327,6.275,5.139,6.863,8.266,6.096,7.639,3.977,8.98,4.591,6.876,6.966,4.767,5.707,4.954,6.389,5.157,6.351,5.082,5.49,5.535
6.62,5.055,5.744,7.022,7.918,7.359,6.982,7.562,3.528,7.183,6.258,3.765,6.075,4.851,4.053,6.956,7.902,6.308,7.617,4.691,5.639,3.809,5.945,5.957,4.371,4.887,4.098,5.242,4.777,5.75,4.827,4.86,4.097
6.869,6.465,6.791,8.183,7.892,8.707,7.517,8.343,5.546,7.348,6.488,3.978,7.749,5.052,4.056,7.192,8.905,5.723,7.413,4.098,8.181,4.95,6.891,6.524,4.394,6.124,4.95,6.184,5.349,5.279,5.164,6.747,4.536
6.344,6.371,6.689,8.104,7.789,9.065,7.576,8.786,4.651,7.376,6.896,4.468,7.824,4.906,4.059,6.945,7.446,5.807,7.702,3.893,8.116,4.851,7.104,7.3,4.217,6.109,4.45,6.341,5.824,5.064,5.131,5.374,5.038
6.646,7.021,8.15,10.115,8.437,8.53,9.134,9.979,4.154,7.716,7.726,4.924,9.711,5.56,5.074,7.751,9.393,7.971,8.769,4.035,8.81,5.88,7.673,9.246,4.841,8.288,6.551,6.71,5.541,5.975,5.784,4.303,5.762
7.416,7.469,7.751,8.93,8.932,8.426,8.572,9.305,6.427,7.899,7.705,5.976,8.5,5.858,5.027,9.357,9.654,7.023,8.231,4.474,8.429,4.863,7.288,8.406,5.583,8.226,7.029,7.667,5.756,6.678,5.07,3.954,7.89
7.314,7.44,7.779,9.708,9.151,8.697,8.89,9.143,6.007,8.016,8.594,5.391,9.042,6.534,4.498,8.827,9.472,7.665,9.311,5.06,9.385,5.909,8.633,7.401,6.532,8.16,5.45,6.455,6.392,6.647,5.776,4.132,7.814
7.442,7.386,8.465,9.349,8.764,8.343,8.319,10.801,5.545,7.916,8.063,6.836,9.376,5.607,4.448,8.307,10.276,7.169,8.641,4.469,9.162,6.82,7.953,7.355,7.251,8.195,6.169,8.995,5.487,6.949,5.947,3.938,5.985
