znf207,polr2g,sae1,cap2,acly,pea15,dctn2,sf3b4,fcn3,clec1b,psmd4,cyp1a2,parp1,dbh,ecm1,col4a1,nat2,polr3c,mt1f,lcat,cs,ctnna1,copa,vipr1,scamp3,hgs,tomm40,thy1,top2a,c8orf33,pttg1,prc1,igfals,cdc20,pogk,creb3l2,aspm,mt1g,slc39a1,psme3,lsm2,nup205,cfl1,psmb4,plod3,b4galt3,irak1,ap3b1,neu1,nusap1,stip1,cdk4,fam20b,ccnb2,apof,kpnb1,hamp,srd5a2,aatf,gpc3,snx27,nploc4,gtpbp4,lamc1,lmna,cyp39a1,slc41a3,plvap,mt1m,ckap4,chst4,mcm3,ncapg,prpf3,capns1,kifc1,atic,pck1,atp6ap1,ptprf,mcm6,gmfb,cyp3a4,smg5,dnmt1,mpv17,kmo,dap3,dars2,aurka,mt1e,gnpat,kbtbd11,fos,mt1x,clic1,cetp,lsm4,cdc25b,ass1,mid1ip1,vps37c,trrap,acaca,sac3d1,slco1b3,s100a10,cnih4,hcfc1,rnd3,gla,cdkn3,gba3,cln3,fbl,bcap31,gpaa1,tbce,sqle,ncapd2,dnase1l3,lasp1,tmem106c,zgpat,ghr,actg2,mcm5,tuft1,gnpda1,pygb,tkt,slc22a1,pafah1b3,rusc1,mapre1
7.793532582,9.017524722,9.373851711,7.083405175,8.258514238,8.391918955,8.409958788,8.289906515,13.26075136,8.810510626,6.627605299,13.03232559,9.319024367,8.371275538,7.481911268,8.313642646,8.793139563,7.745500216,13.44401342,9.752453284,5.792118793,9.931906058,10.06643332,8.196196716,6.140580427,8.527485167,8.54679309,6.531206059,5.942307051,7.299398834,6.855040101,6.217219384,9.921078459,6.040320613,8.246482114,8.223021106,6.731667922,14.60486269,8.308346521,7.15285292,8.78156071,7.231195287,10.0387308,10.64593819,8.889990994,7.683153227,7.46445074,8.396217775,7.753237607,6.481890192,8.509158808,8.248943609,7.999137636,5.733278834,11.91933364,9.155912982,13.98560803,8.417164029,7.371553284,5.811513158,8.123512668,6.932297043,8.595450037,7.939357752,7.854416913,7.422861411,7.683667841,6.763010197,11.73796695,8.558310156,8.541603247,6.939449995,5.976320908,6.583141448,8.715719599,5.943191642,9.531913274,11.05840266,10.2504204,9.643081553,7.275293561,8.717344068,12.42378529,7.049521478,7.714636235,6.630412911,9.273998627,8.480025032,6.524243,7.183749003,13.67095946,7.600437702,8.399854342,9.896768406,14.00351868,8.501120367,7.115005388,8.287821954,6.762135007,12.75007265,6.823084284,8.26862136,7.89524752,7.281864183,7.803173079,8.616656392,9.717834374,8.766263013,7.837454475,9.452631302,7.206791177,5.845096357,11.07604261,6.709510909,8.463194202,9.830929205,7.447819449,7.454727175,7.647520693,6.466236296,9.885904806,10.26738791,7.97941265,8.026975349,11.13127358,5.916823559,7.170987514,7.426159428,8.02348545,6.84234812,8.70536613,10.21858992,7.458622871,7.544784633,8.473720048
7.779094087,9.161971353,9.282085391,7.460546261,8.044282751,8.756851938,8.806960358,7.945082656,11.87698928,7.734175749,6.900689077,12.11849495,8.613442641,8.480560716,6.87948926,9.278706659,9.671066791,7.739942064,12.37038846,9.529876716,5.998018289,9.39886211,9.486050501,8.505444629,5.978636465,7.938997227,7.960644492,6.352843999,6.148804684,7.660646449,6.60168726,6.063106277,9.471907798,5.816662919,7.816309945,7.931894508,6.790026422,13.86517288,8.130683945,6.783213609,9.171000756,7.403354671,10.04634849,9.753772409,8.194573498,7.734711235,7.246760547,8.202929836,7.54384067,6.302483402,7.890148411,8.172716257,7.814824024,5.89441348,11.54035726,8.852206805,14.09112382,8.67368894,6.918039426,5.957848416,8.102177397,6.419715367,8.716768592,8.088542289,7.720035132,8.120255867,7.899075319,6.516316084,9.973752737,8.327498383,8.115084311,6.591543102,5.792061349,6.708963993,8.227559135,6.333308959,9.069934983,10.84503592,9.599347646,9.160467168,7.377031265,8.807569254,12.48280809,6.646648139,7.725388067,6.678022078,8.557799331,8.54410783,6.889633549,6.354059222,13.03232559,7.741158723,8.096967905,11.15177254,13.12937693,8.734988863,7.162030593,8.248073571,6.704184931,12.77713657,6.952024712,8.169597455,7.582683538,7.037313336,7.441119454,9.246459452,9.609987488,9.51005036,7.72371305,9.906233931,7.286448061,5.934068418,11.02879075,6.531161976,8.86450477,9.502435342,7.283945391,7.558905646,7.4191069,6.075732468,9.907435365,9.667864902,8.07866438,9.173280752,10.63165552,6.084399553,7.139974693,6.72505778,8.147177145,6.528901595,8.589271425,10.06260468,6.821061177,7.548042254,8.358563491
8.900326291,10.62642479,10.30454779,7.566014267,10.08413049,10.09761286,9.356153565,10.21027473,11.42767783,5.930589139,7.132619563,6.00054051,9.708611141,6.088055884,6.486422501,10.1204943,6.333185405,8.597054965,7.123792873,6.868569543,6.147668056,10.1662887,9.520281845,7.65668116,6.537527127,10.01084092,9.433979045,9.024731233,6.351544429,9.107531882,7.355238845,7.054051729,7.966117682,8.217701291,8.445056567,8.59922569,8.026975349,7.568990083,9.245744182,7.293722205,9.748032768,7.18848708,10.80968073,10.12439407,10.5247601,8.887383498,8.749801406,7.756379349,8.204971577,7.927822554,9.95358722,7.980071674,9.114413757,6.564538538,6.987942449,9.045924036,9.675177059,6.321643122,7.89524752,8.600810797,8.558310156,7.849889591,8.872460192,9.807421278,9.871820881,6.403773977,8.187809253,8.450883907,5.697632118,9.298025965,6.710116908,6.708899284,6.442668922,7.161608119,10.28295176,6.188935788,9.55887905,6.485746327,11.96405871,9.381451063,7.874814103,9.489631686,8.737290341,8.87742894,7.75522746,6.370956105,7.234329577,8.362164444,7.046889764,6.538671587,7.165041895,7.52885939,5.77146873,6.270770962,6.319722201,8.590393096,6.670172175,9.186330061,6.448713593,10.75156128,7.186864987,9.967553963,8.260235834,7.730758976,9.841520747,6.294203689,9.931906058,10.07264209,8.652929903,6.227677109,7.251515896,6.06376223,5.704812972,7.58439003,9.483281483,11.49931981,8.498140185,8.002046958,8.621437782,6.831221409,6.992569019,11.3977078,9.370370909,6.892073246,6.97394385,6.924581402,7.663807451,7.618483292,8.381669506,8.566377725,9.36382521,8.187389494,10.3411112,10.7943213,7.636914857
8.121009783,9.241058259,9.047949739,7.011249407,8.070021493,8.215749183,8.684050726,8.590871822,12.24252158,8.470415745,6.738687403,12.66175356,8.990088651,8.203321913,7.602916398,8.913321685,7.888929785,7.873230704,12.51633457,9.681401147,5.724119712,9.779356547,9.870484629,8.444612016,6.234214326,8.360360456,8.028057722,6.187453177,5.739312359,7.601219039,6.7152047,5.873860365,8.989402509,6.000762785,8.115487998,8.183574357,6.768108965,13.89852554,8.459248539,6.810699012,9.115989541,7.610307766,9.510932665,10.26887143,8.525453143,7.745764135,7.77150805,8.572584891,7.993420772,6.517068785,8.19136838,8.422247902,8.310897226,5.839147772,12.23411342,8.295781513,13.67095946,8.409080379,7.593983674,5.686265122,8.143953455,7.108936781,8.541603247,7.974256852,8.221833284,7.50535502,7.933413989,6.904597945,10.66140576,8.590393096,8.3005158,6.903343432,5.730770095,6.913984075,8.964525727,5.851438855,9.742621777,11.96405871,9.791666466,9.084988253,7.389634426,8.024845565,12.64737074,6.662234144,7.312721396,6.913795744,9.960796085,8.855367162,6.677587328,6.686015494,13.23706274,7.777600095,8.483491481,10.67562459,13.65559595,8.791958212,7.235507917,8.443148765,6.759558974,13.46351081,6.910105449,8.03366248,8.070705398,7.093548467,7.735296672,7.715148365,10.29726338,8.286597448,7.644151644,10.12439407,7.117064628,5.631314088,11.15177254,6.975904607,8.576198407,9.976323172,8.281399678,7.373949821,7.131785814,6.430374931,9.887119563,10.12174617,7.951066877,9.336280083,10.39074375,6.632032439,7.221244559,6.595014716,8.098086544,6.73507768,8.968635143,10.5247601,7.333026348,7.378352788,8.379976545
8.107006345,9.424304441,9.547862026,7.149931542,7.76858647,8.657780194,8.971303466,8.217290593,12.54511388,9.999532831,6.583773506,11.66162667,8.580958463,7.32629153,7.151043859,8.631660091,9.0819355,7.709151415,11.57008775,9.348473145,5.883708797,9.360462183,9.22118492,8.176737018,6.391478616,7.913468714,8.393836535,6.850026342,6.313908856,7.47442427,6.696313292,6.579390947,9.297231497,6.083994729,8.014988291,7.888929785,6.769170181,13.84937325,8.259392853,7.014299176,8.951175763,7.243313883,9.985991114,10.00951908,8.098086544,7.357147908,7.88645016,8.485438843,7.591648638,6.814988466,7.837125033,8.377612913,7.903879629,6.228157743,10.61599474,8.722482714,13.91488379,9.06484693,7.356131225,6.368003281,7.638170756,7.003440519,8.38623121,7.580957515,7.740849619,7.863941343,7.325012908,6.776433464,9.0706334,8.096626191,7.074329948,7.208029132,5.719074785,7.082132337,9.115234108,6.135139943,9.251318866,10.2489273,9.007967332,9.230501699,7.606698434,8.205779308,11.42261704,6.968937579,7.779094087,7.269101272,9.381451063,8.891320244,6.713342249,7.276466058,12.21801956,7.746084308,8.337004898,9.175541227,13.15405028,9.153038248,8.295781513,8.304849997,6.524896692,12.57379886,7.362702687,7.873230704,7.438980479,7.005375029,8.088865955,9.140840616,10.83360574,9.380627965,7.649588994,9.194126492,7.182332255,5.944806567,10.70112261,6.89602335,8.128400163,9.37132147,7.862292045,7.756900173,7.73497368,6.515077611,10.87884823,9.500569821,8.067411318,8.949349724,11.06748987,6.724774794,7.387304098,6.864148115,8.536969213,6.760864321,8.772140839,10.20737864,6.878088149,7.360312492,8.505444629
8.165407488,9.027642561,9.309303446,7.187612703,8.260600462,8.696096074,8.837394797,8.635338706,12.98563354,9.774789079,6.40723133,12.4005607,9.573410964,8.367973119,7.238884585,9.459786594,8.529993567,8.054217161,13.5302892,9.266769155,5.829377181,10.25883571,9.726556573,7.823908657,6.15392187,8.358092207,8.377612913,6.621237325,6.501242055,7.749585059,6.75102818,6.511316901,9.625439962,6.237756549,8.216136221,7.871986262,6.725244861,14.39518867,8.250255343,6.926252193,8.488811971,7.50045742,9.844931575,10.51635226,8.666989008,7.498088608,8.310897226,8.803357579,7.931300985,7.963404315,8.449452248,8.446912901,8.209509766,6.302821683,12.29545823,8.865662112,11.71141513,7.569465938,7.601460931,6.006643538,7.721756075,7.139720827,9.411929523,7.801484076,8.104009279,7.762212897,7.668479002,6.938334893,11.71995821,8.183911203,7.881668661,6.855744505,5.884388451,7.266105045,9.038843628,6.221443723,9.574382836,10.74253022,9.854093797,9.534878913,7.426600421,8.812813489,12.03284326,7.322009593,7.907974941,7.117338089,8.845692084,8.953210903,6.868457203,6.352314101,13.64300279,7.630710227,8.181687225,11.19015644,13.80537116,9.007967332,7.405550471,7.882647011,6.281913835,12.65722992,7.362075715,8.679589993,7.909633828,7.158707808,7.611985553,8.409520669,10.46342932,8.947398393,8.136621967,9.828779257,7.030819387,5.944103064,10.1662887,6.970442046,8.235899482,9.818590776,7.913086396,7.511028197,7.379767062,6.511227651,10.1433385,10.36672097,8.053492179,8.066303295,10.39519968,6.860049877,7.217439183,7.075498224,8.58261252,6.984301521,9.454425577,9.226057186,7.541974941,7.346954468,8.59922569
7.712118115,9.367950049,9.346010678,6.883023087,7.881668661,8.329151136,8.557307242,8.354085006,12.59409953,10.06768336,6.704923237,11.8595725,8.891320244,7.435131699,7.383355573,8.371275538,9.09099397,7.514090884,12.6275518,9.691801248,5.993160679,9.599347646,9.671066791,8.578909067,6.3390216,8.197409181,7.889834713,6.228737701,5.655630611,7.705044398,6.6768048,6.12468733,8.181687225,5.955693848,8.013942663,8.450883907,6.646943167,14.21803791,8.363491227,6.962778007,8.932348881,7.320307493,9.700252367,9.989790468,8.472663557,7.511500568,7.937081581,8.487425069,7.696522978,6.646721774,8.122750406,8.530508461,8.633899357,5.769664933,11.47576896,9.061241011,14.07350451,9.37132147,7.504661086,6.361234372,8.142017759,7.062542111,8.436501591,7.920733726,7.886757721,7.970737327,7.680696727,6.796309692,9.694853783,8.252790073,7.615967745,6.942426596,6.052610467,7.183331481,8.976055418,6.064359716,9.550605159,10.94851019,9.506196926,9.248697199,7.512691173,8.032576104,12.80426996,7.108815054,7.616199357,7.125244969,9.204422259,8.941373432,6.441654199,6.393884129,12.7723736,7.710779774,9.106053076,11.81053719,13.60277654,8.61238637,8.302223484,8.38623121,6.087258746,12.98563354,7.296074075,8.179590131,7.880046883,7.156335478,7.946743179,8.866927288,10.18681605,8.592849834,8.089199615,8.393836535,6.94005008,5.780944464,10.52818385,6.815429469,8.289559714,9.701246018,8.370839776,7.46445074,8.953210903,6.179776276,11.09783279,9.93784186,8.048238057,9.924876024,10.63867658,6.115844242,6.939972795,6.970117748,8.719036886,6.957378737,8.601291964,10.61252201,7.048186833,7.562983453,8.256049464
7.921956093,9.628321666,9.292282221,7.137438169,8.149013389,8.296624105,8.828807972,8.565847965,12.69232141,9.565536996,6.769430275,11.9159612,8.822504663,8.489776959,7.58439003,8.224217997,8.266470172,7.74023048,10.95699057,9.49512804,5.733076567,10.00586357,9.730858915,8.545644323,6.041598039,8.202533983,7.834469249,5.919705868,6.064010142,7.796717331,6.44114915,6.111076723,9.771595251,5.86932812,7.941990466,8.228407832,6.775039827,13.08048709,8.716232033,6.646026925,9.136390106,7.481270099,9.455323717,10.38761006,8.61238637,7.389831647,7.52885939,8.63112632,8.069302364,6.077885569,8.268158337,8.208667268,8.045974003,5.814841831,11.84013004,8.579425005,14.21803791,6.817677499,7.513603136,6.253169193,7.912440682,6.576139995,8.471299215,7.880669289,8.266864359,7.270723751,8.008542938,6.655643817,9.161971353,8.339793572,8.435123096,6.740908916,5.934916654,6.679070246,8.892492118,6.023627642,9.661478504,11.00179875,9.792788375,7.942626371,7.684495514,7.99001672,11.51665085,6.158148087,7.512947024,6.851320507,9.319024367,9.271543761,6.532506594,6.484838112,12.8096523,7.962728728,8.689935623,11.29243627,13.36310831,8.905467452,7.466202922,8.505444629,6.184194334,13.23706274,7.44892416,8.20905084,7.558398179,7.010435928,8.326551219,8.289559714,10.70112261,8.065094987,6.991866479,9.673212752,7.121416409,5.814346781,10.82956281,6.750924929,8.587283693,9.79635588,7.989721361,6.929001529,7.677006469,5.883202947,9.812901067,9.387115985,8.213619269,9.901553216,8.908721124,6.457696402,7.276815948,6.455624868,8.135442824,6.456762093,9.201300896,10.71141051,7.002224208,7.481511978,8.004069958
7.97656549,9.675177059,9.075493569,7.207727193,7.933071183,8.055628563,8.70421619,7.68472309,12.43253718,8.940725052,6.933105459,11.01400384,8.858310162,7.274248844,7.702212948,8.182441789,9.148417934,7.433199761,12.26755348,9.080420715,5.91250711,9.276254062,9.59561588,7.767400162,6.041037471,6.989011241,7.196351234,6.01285253,5.790356564,7.177186829,6.554192666,6.05241054,8.385378815,5.900394468,7.648774578,7.838707795,6.964816593,14.03784698,8.44083736,6.271983315,8.950592731,7.008847933,9.377239464,10.01466973,7.967972057,6.788731186,7.456075796,8.315391096,8.087373974,6.129193879,7.910820297,8.320828157,7.78316413,5.801976171,11.41258887,8.374942682,13.67095946,8.189326389,6.685072301,6.046876989,7.385340067,6.376641807,8.420297838,7.306119058,8.190563058,8.119895324,7.715148365,6.556263648,9.907435365,8.58826844,8.533145827,7.194415012,5.806699695,6.459516196,8.731557564,6.29536347,9.300429576,11.53779517,8.701846794,8.607512782,7.591648638,8.532610666,11.71995821,6.283717551,6.72746934,6.495302849,8.473720048,9.060547365,6.419437478,6.227677109,12.67716857,8.340228753,6.987531569,11.16101151,13.28564894,9.14386948,6.753709659,8.751477302,6.500024884,12.31153319,7.05049339,7.757432403,6.484860865,6.631154189,8.493826209,8.25447825,9.862218069,9.193400412,6.417283984,9.934227532,7.437217281,5.914713136,11.07824864,6.595157178,8.057792637,9.648393019,8.277232338,7.139720827,9.111306062,5.965261119,9.825271491,8.93622845,8.243197608,9.156641164,10.53140804,5.840135007,7.200107015,6.352588004,7.92104181,6.467144525,8.891861198,10.14209923,7.461638815,7.542670385,8.236335817
7.603698849,8.805746367,8.976055418,7.118594699,7.84262842,7.931894508,8.261868666,8.122750406,11.65312439,7.840493934,6.941946669,13.41350245,8.685879484,7.737207711,7.14171087,7.506657623,10.10407138,7.729660771,12.70292015,10.0855394,5.923630505,9.519341805,9.383967496,8.184278849,6.020276224,8.557799331,8.109281393,5.889919719,5.67478032,7.487000008,6.702925998,5.769908359,10.02630905,5.814741889,7.964428643,7.983855389,6.712824725,14.21803791,7.820103049,6.838669628,8.834257718,7.060872176,9.949779788,9.501500243,8.157892949,7.557144789,7.733341891,7.978472348,7.726822378,6.183246657,7.762517001,8.023145996,8.077535671,5.979768251,11.33571462,8.616184525,12.4005607,8.265617844,7.144370007,5.822176168,8.08083239,6.693094306,8.520966228,7.745500216,7.906741254,8.18466848,7.733598033,6.809095699,10.36533188,8.19861775,8.130996195,6.953064739,5.82223013,6.679429025,7.955151284,6.141347512,9.341205429,11.36245123,9.70550477,10.30761627,7.435995823,8.557307242,12.87191063,6.668233811,7.370188228,6.569445683,9.174015339,8.407315973,6.800906434,7.396453659,13.26075136,7.641501639,8.630622365,9.314231247,13.50640768,8.08552091,6.722958917,8.041913225,6.310436915,12.8609055,7.100529972,7.985922449,7.754387564,7.077212166,7.253353971,10.10276549,9.074799096,9.013605495,8.297899857,9.793933153,7.123792873,5.595048581,10.99710468,6.534638583,8.651686898,9.621586809,7.441751899,7.454930278,7.518417039,6.353957637,8.65932131,10.11660189,7.79057201,9.021898541,11.03737862,5.961805481,7.065762394,7.024741912,7.489915112,6.653368934,8.788803168,10.68807321,6.484477785,7.390203093,8.451339987
7.929700189,9.409276415,9.198374799,7.265552398,7.878456138,8.314079636,8.579874196,8.166977008,11.96759081,8.326140415,6.734457335,12.18210757,8.849554459,8.469426218,7.26752493,8.376642478,9.34371428,7.904188465,13.06613143,9.95254515,5.891355859,9.61185118,9.711750965,8.535141884,6.061383228,8.247311357,8.02979321,6.552234459,5.947506516,7.676282358,6.572228456,6.024421373,9.4923468,6.076158066,8.10590728,7.871384627,6.737273188,14.28988044,8.003031937,6.775670761,9.244185848,7.39623714,10.1405944,9.834493225,8.255227152,7.44892416,7.340123507,8.383468502,7.917929505,6.244345871,7.723172257,8.194573498,8.067064865,5.9615281,11.54327372,8.5405678,14.37122228,8.812293659,6.98208263,6.281082563,8.039559037,6.748961321,8.495250175,7.968758183,7.815410481,7.993097406,8.074072975,6.872656115,11.08496361,8.523954494,8.733970636,6.885183923,5.631314088,6.784924128,8.357187343,5.927259398,9.177073595,11.29024228,9.714709775,9.304323077,7.338471066,8.565364322,12.41036604,6.618772872,7.522559829,6.806574842,9.157402258,8.465021528,7.00260518,6.52395934,13.60277654,7.821493813,8.498683429,11.27414624,13.84937325,8.418565381,7.044857037,8.572584891,6.383092834,12.88869285,7.031430421,8.062536581,7.489915112,6.908544674,6.938481804,9.298025965,10.31342214,9.18100244,7.692986436,10.20737864,7.391632156,5.780072374,10.99040508,6.77484681,8.916617161,9.564611696,7.492606394,7.494693452,7.403354671,5.903790386,9.498743183,9.773671705,7.548042254,8.787538215,11.04770221,7.14171087,7.333026348,6.724552391,8.068555282,6.877791329,8.298843521,10.19251284,7.139032084,7.181355756,8.406431978
7.473551026,8.908098199,9.416961419,7.01643481,7.899075319,8.190140463,8.32875315,7.918241523,11.20591541,8.529540801,6.681810388,13.10172185,8.889990994,8.052823894,7.388121086,7.371738289,10.04510541,7.354142216,13.25303578,10.20445266,5.766004994,9.458889584,9.490611909,8.47468203,6.04781403,8.347824977,8.556221329,5.896563968,6.158303636,7.70586859,6.714867104,6.370708003,9.95477855,6.381921909,7.831436138,8.051337913,7.405745408,14.39518867,8.086998333,6.528808222,9.219697679,7.211993562,10.12174617,9.629343213,8.444121399,7.42983699,7.857541161,8.215749183,7.733341891,6.850806968,8.346454086,8.179192394,8.170729509,6.245287499,11.54586419,9.337906625,13.50640768,8.725252127,7.145486466,5.661087594,8.01159157,6.694250394,8.099144845,7.527247292,7.858798848,8.108074287,7.546199423,6.453547628,10.7718079,8.404509596,7.250655363,7.121038444,6.351965551,6.603494415,8.666989008,6.258123618,9.339457078,10.94440286,9.972571029,9.901553216,8.353642741,8.327498383,12.62226742,6.994465585,7.863941343,6.304073567,8.675819744,8.228851591,6.960533514,6.652161732,13.5302892,7.560867031,8.818320519,10.60701315,13.7897843,8.13027689,6.810699012,8.825678519,6.326455258,12.57873157,7.011529716,8.165407488,7.665104898,7.629635579,7.816309945,9.737539236,9.105388798,8.707597422,8.006115252,8.998474208,7.011982397,5.987594395,11.68759162,6.525163927,8.548287536,9.842629443,7.305553969,7.338841042,7.956205044,5.962788448,9.881191155,10.08035461,8.570463021,9.383141759,11.19710698,5.894646155,7.891415769,6.644960779,7.773622976,6.559805207,8.553316261,11.15872758,7.152134369,7.798176428,7.589153027
8.166179151,9.422531947,9.481425298,7.139437471,8.181687225,8.354085006,8.834869411,8.042600641,12.7723736,9.726556573,6.578080065,12.51633457,9.031106914,7.529098964,7.628654926,8.471299215,8.903450816,7.531894644,12.44149144,9.40597102,5.992090937,9.73956007,9.758245906,8.11806179,6.11550925,8.044589197,8.205779308,6.21692161,6.269802378,7.415371879,6.799193322,6.276570362,8.548766975,6.154445778,8.124614969,8.32955503,6.746796979,13.83437167,8.237526644,6.802473143,8.610799403,7.411508413,9.696917243,9.898007797,8.542175545,7.071909525,8.163025193,8.865662112,7.978914098,6.420776193,8.253158879,8.143953455,8.241641958,6.044674854,11.17654654,9.241830781,13.47431072,8.125049072,7.343154091,6.377987745,7.903250616,7.269101272,8.508221574,7.75156023,7.911782513,7.52932224,7.64626364,6.432561356,10.40645845,8.873743538,7.868596398,7.074554088,6.115332751,6.912524829,9.286700652,6.234600178,9.42517304,10.56955723,9.610934038,9.543192216,7.761082912,8.344687284,11.08282659,6.838918628,8.018512784,6.856490593,9.35023609,8.970658026,6.564538538,6.782812983,12.8948257,7.985260792,7.727942946,9.538360408,12.72347937,9.225317015,8.077176078,8.505918903,5.93983319,12.57379886,7.295126369,8.099931053,7.593171032,7.068059826,8.498683429,9.298839464,10.58822369,8.640164102,7.892352813,9.398003411,7.386742237,6.048806664,10.85864685,6.966949965,7.959243804,9.746917519,8.41537358,7.234859236,7.977524224,6.444776434,10.51791981,10.3442162,8.142017759,8.649460505,10.79639784,5.840312935,7.659271031,6.370683171,8.310475975,6.955375627,8.770325712,10.30023603,6.986612784,7.585859333,8.233502496
7.862593935,9.278706659,9.397080278,7.35181445,7.966793711,8.393836535,8.635841762,8.068555282,12.61763563,8.969977601,6.535079769,12.82775516,8.565847965,8.160620152,7.173285392,8.255227152,9.830929205,7.807925096,11.70566518,10.13522082,5.905071227,9.685580294,9.64092858,8.107006345,5.887400098,8.579425005,8.224217997,5.890871946,5.80549258,7.390383531,6.74468496,6.140638961,10.72595416,6.111123668,7.893943904,7.765085208,6.750748204,13.57836863,7.995082123,6.871318092,9.076196841,7.300511815,10.43252851,9.915383668,8.249407807,7.255623253,7.177938359,8.504442233,7.561082115,6.792944509,7.995717505,8.110083564,8.015677494,6.009041551,10.86659579,8.751477302,9.779356547,8.218947035,7.212758033,6.035727282,7.930318387,6.749397742,8.227127544,7.891735027,7.852939168,7.661723856,7.746084308,6.628924434,9.242602819,8.273632543,8.036731449,6.991866479,5.705415607,6.836984239,8.609157742,6.306692457,9.416161893,11.15177254,9.703435337,9.22118492,7.723971693,8.674728995,12.37468129,6.613639554,7.84511453,6.702486176,9.196873054,8.705876091,6.985307778,6.8829121,12.84964645,7.584857395,8.363071479,10.12304892,13.13785382,8.434667881,7.159380518,8.469911038,6.250510191,12.73862533,6.916671032,8.026975349,7.785256345,6.893180477,7.18806251,9.88468533,10.51325925,9.300429576,7.909633828,9.624603928,7.328374227,5.773826853,11.29693267,7.091737799,8.845074933,9.532885332,7.52163426,7.749259673,7.758561623,6.402009616,10.08035461,10.44535833,7.312200119,9.349246435,11.52982141,6.888037285,7.254156624,6.749574084,8.063263688,6.871607281,8.645629699,11.00599125,6.790267658,7.37953401,8.176737018
7.871986262,9.118008266,9.097424266,7.069160817,7.585627091,8.020693456,8.53653765,8.13027689,12.33218565,9.84609137,6.465777604,12.03284326,8.597054965,7.533038981,7.650147629,7.807271558,9.619666805,7.4808329,12.31153319,9.616635154,5.885506807,9.125928236,9.692782454,8.106249398,6.003394684,7.633743347,7.804925935,6.098530436,5.77678222,7.476783219,6.687609586,6.100584738,8.39520444,5.913533802,7.831436138,8.180028371,6.636683847,14.05417949,8.199392527,7.005943799,8.694950664,7.336338798,9.249589981,9.800754022,8.057792637,6.993828127,7.824809393,8.298843521,7.899075319,6.326297109,7.970055486,8.099144845,8.210327905,5.991563297,10.84721594,8.939334699,13.22969685,9.329004445,7.115733848,6.169325788,7.765383476,6.876058713,8.294966185,7.623399387,7.483269405,8.314921741,7.311260941,6.837871249,10.64053322,8.640164102,7.811544652,6.970526165,5.573398089,7.073857096,8.794275482,5.914881939,9.231301895,11.01596041,8.617784979,9.536571163,7.104280385,8.266864359,11.87049111,6.776400327,7.338661124,7.037801612,9.305992647,8.878652795,6.747137181,6.485292804,12.72347937,8.021780995,8.60647286,12.18962455,13.42503637,8.747956308,8.61238637,8.110083564,6.437474133,12.86629027,7.437418356,7.763084073,7.132679673,6.845386569,7.960644492,9.291403568,9.465341528,9.197656553,7.499788502,9.327337874,7.094441396,5.880306374,11.09561273,7.26357214,8.053492179,9.441924093,8.543168614,7.649044703,7.85726357,6.361856749,10.55980081,9.40597102,7.899399709,9.888301682,10.73861457,6.196529151,7.111557838,6.683070441,7.97656549,6.829644487,8.260992713,10.80968073,6.863607334,7.245854451,8.224217997
7.835032134,9.407558467,9.258570445,7.253353971,8.077881073,8.363903586,8.623007295,7.606460863,13.10835644,9.813982874,7.018752989,13.03915965,8.85154082,8.042258202,8.193718585,8.548287536,9.175541227,7.092235294,12.32797414,9.665724813,6.022545047,9.395482249,9.410971394,8.238728723,5.926876503,7.476987061,7.300511815,6.118607043,6.03601081,6.668233811,6.517690633,5.992307931,9.529876716,5.85029793,7.705584693,8.090416762,6.687094223,14.16346423,7.946743179,6.314477356,8.956956223,6.721862521,9.541194409,9.811820041,8.688766194,6.925696174,7.345304282,8.170329026,7.727382117,6.231361401,8.324253318,8.29698771,7.89109454,5.564957092,10.82183359,8.966603771,13.98560803,8.721925675,6.988928134,6.157959812,7.615474901,6.420662891,8.595963346,7.786489219,8.215308304,8.05454743,7.578527694,6.686233144,10.3715388,8.448905386,9.293884208,6.676537557,5.713597685,6.430443473,9.259412415,6.152515068,9.502435342,10.89981272,9.212971214,8.623551309,7.989037902,8.280165113,11.98526342,6.201630592,7.152397849,6.489244144,8.503400164,9.118690123,6.235357303,6.381278476,13.24474657,7.559634091,7.724232707,11.44794662,13.5302892,9.207533871,8.632780442,8.654004301,6.521706969,13.12189946,7.618720442,7.510306,6.703598791,6.565029674,7.913468714,9.583891756,10.9385289,9.050510225,6.658935889,9.394629907,7.007524831,5.748401221,10.47259598,6.378925167,7.638686077,9.470088887,8.252790073,6.864887201,8.578909067,5.704408176,10.56611875,9.612812396,7.924652576,9.643081553,10.81768341,6.246122587,7.784358295,6.233621823,8.258947267,6.063373771,8.955091325,10.36533188,6.651634333,7.795238171,8.363071479
7.941990466,9.252077856,9.820760515,7.379767062,8.009867955,9.118690123,8.873743538,7.835312211,13.31018278,9.889519304,6.553796947,12.87191063,8.880514696,8.313168534,7.331957762,8.580958463,8.859560838,7.617703426,13.12189946,9.774789079,5.661829261,9.948621982,9.674224688,8.944721439,6.024421373,8.675819744,8.48450383,6.593692376,6.310030223,7.47442427,7.092097802,6.590008736,9.314231247,6.477093916,8.057408483,8.339793572,6.812501201,14.41917032,7.950729903,7.072498381,9.118008266,7.427693745,11.00989865,9.754816206,8.566377725,7.285184759,7.712393347,8.598144801,7.697294288,6.982636188,7.928462131,8.160620152,8.157530318,6.310358512,10.3815181,9.086534221,13.95010786,8.001398586,7.217591588,6.418514025,8.476705301,6.639264873,8.297899857,7.89682344,7.789437241,7.454523667,8.15047282,6.457342602,11.30624355,8.254871668,7.748723624,7.205781761,6.016647757,6.95136885,8.899688355,6.120818733,9.537355419,11.43768976,10.14481606,9.967553963,8.628359643,8.56952074,10.17461571,6.861412669,8.98274253,7.136347498,8.207042017,8.568506457,6.821247442,6.634135941,13.56549494,7.65825905,7.66721019,10.01218016,14.21803791,9.261139889,8.465962232,8.595450037,6.214216476,12.17041284,7.087160366,8.11122937,7.777009655,7.0679423,7.0367961,9.042470978,9.966494797,9.106053076,8.467037962,9.125928236,7.754928249,6.062765084,10.64593819,6.843699038,8.83049891,9.634565281,7.511028197,7.64175222,7.854416913,6.635639141,10.72595416,10.6957057,7.933413989,8.451339987,11.11559295,6.156371499,7.875111399,6.396299682,8.688111151,6.725682619,8.85714759,10.05998132,7.377673619,7.908665466,8.762182727
7.627100187,8.994351878,9.067664919,7.257951307,8.067411318,7.81510737,8.530999306,7.968435906,12.8609055,8.093344792,6.619941914,12.25492201,8.886831933,8.027378161,7.818944693,7.756051487,9.018975605,7.142546489,12.94333575,10.26462763,5.829479834,9.559985879,9.862218069,8.337435403,6.031416758,8.232327683,8.041913225,5.863727214,5.70863414,7.331766799,6.246670242,5.75424111,8.789411963,5.93135507,7.731898506,8.237910861,6.703567315,14.27117145,8.209894003,6.545926592,8.566377725,6.756474191,9.617634026,9.708611141,8.667561434,6.851907321,7.793196655,8.477677004,7.941990466,6.080861355,8.163025193,8.062536581,8.132135456,5.672290569,11.71737444,8.86083868,13.59031573,9.807421278,7.021794796,5.922850793,7.832655878,6.609997719,8.480025032,7.960644492,8.281843859,7.841128235,7.737704927,6.809499469,10.7885697,8.558799181,7.741158723,6.830689646,5.676684715,6.669220098,9.367950049,5.947384185,9.644170473,10.71873076,9.780500984,9.405129692,7.151995123,8.343314213,11.90261732,6.350934505,7.019906799,6.512486055,8.776099764,8.21934679,6.346090366,7.538125724,13.50640768,7.471509056,8.676329418,9.842629443,13.74438467,8.229281749,7.623399387,8.612956452,6.143633828,12.30379744,7.343154091,7.87598012,7.762517001,7.224289827,8.074464111,8.809876416,9.534878913,8.866927288,7.484205502,9.157402258,6.522510941,6.012221434,11.18089457,6.736770042,7.832333255,9.501500243,8.044589197,7.228359797,8.588774743,6.050956339,9.194126492,9.735219037,8.08083239,9.297231497,11.34771429,5.821178883,7.063188753,6.277081042,7.653772319,6.580625613,8.321647582,10.86244427,7.020611505,7.380369128,7.844452127
7.767400162,9.228248669,9.412710071,7.206791177,8.309207436,8.341076794,8.66372963,7.711592639,12.94333575,9.731863936,6.859728733,14.0199876,9.054035573,7.173877297,8.057792637,9.139301988,8.509158808,7.326115006,12.13875013,9.477937708,5.778791249,9.830929205,9.407558467,8.606976192,6.07521014,7.793801486,7.667731753,6.262921249,5.952012815,6.63757996,6.687863469,6.105824012,8.355854786,5.884790265,8.389080665,8.106249398,6.692131006,13.80537116,7.861367745,6.318918713,8.142017759,6.572926737,9.569336381,9.691801248,8.49574252,6.882384032,7.615474901,8.423189489,7.54570621,6.323846865,8.285680529,8.037449033,8.046318603,5.987700275,10.05240509,9.352622546,13.81974006,7.482824681,6.774587318,6.459082011,7.543615007,6.054914469,8.8638592,7.953763921,7.984879419,7.565319955,7.73745829,6.789562946,11.88026297,8.913321685,9.026995238,7.184303073,6.056019444,6.719637534,9.296297764,6.090120711,9.367950049,10.98194036,8.980077186,7.883247194,7.862593935,8.343314213,11.92213209,6.054661441,7.901325945,6.524965823,9.128312031,8.927140339,6.086351368,6.182230825,13.42503637,7.10066691,7.444278652,9.651151976,14.16346423,9.031106914,7.897811848,7.940011187,6.508744885,12.69783408,8.010865187,7.859456445,6.667312109,6.2688288,6.742988085,9.658300338,11.14511238,8.532610666,6.879778191,9.473530646,6.745428347,5.831235945,10.15444369,6.483987707,7.745500216,9.367201246,8.203321913,7.170607041,8.159817635,5.912169945,10.3060833,9.382355028,6.95822421,8.77092975,10.68990715,5.980594847,7.554819276,6.294803311,8.17351947,6.296567033,8.674207052,10.39809037,6.697087965,7.691046476,8.757954956
8.027378161,9.305992647,9.41011535,7.115485187,8.110083564,8.522484049,8.577233772,8.239155727,12.31153319,8.886255368,6.554085085,11.22290377,9.230501699,6.935903493,7.363651473,8.929041825,8.479042431,7.595732485,12.17822593,9.253662139,5.945032552,9.915383668,9.566488202,8.661536139,6.018434318,7.953763921,7.88550315,6.888514838,6.232507316,7.479039493,6.613639554,6.483966364,8.590871822,5.956122579,7.799635869,8.503931439,6.843552694,13.87990352,8.152797804,6.879207951,8.831110111,7.345837392,9.69389321,9.738563074,8.597607034,7.194568938,7.893327873,8.615054883,7.792606406,6.777605375,7.976849418,8.0538683,8.144763245,6.015007352,10.89364115,9.137065044,13.68415929,8.476237128,7.349003016,6.97608244,7.74817,6.906955178,8.39950341,8.3459784,7.677288757,7.73444795,7.531894644,6.756683242,9.93784186,8.614009153,8.73219792,7.141568916,6.07577695,7.208175878,9.392945022,6.326507984,9.451808915,10.93457984,9.383141759,9.647410497,8.216904245,8.280543103,11.00789145,6.862720394,8.199784626,6.984226439,8.791958212,8.960241296,6.680750586,6.700271594,12.93769178,7.820103049,8.147902389,11.36460257,13.32662691,8.940725052,7.435538614,8.418565381,6.599961321,12.7286507,7.363269819,8.156723708,7.797527954,7.506049293,8.120641362,8.348710177,10.71141051,8.607512782,7.999830116,8.785709721,7.102811436,6.079488478,11.29469754,7.045023775,7.880373692,9.534878913,7.867947715,7.198501637,8.560418336,6.591916012,9.619666805,9.800754022,8.068555282,8.666383547,10.99040508,5.867205893,7.802022401,6.815212445,8.165778928,6.990911749,8.804594643,10.46786803,7.127658665,7.66721019,8.265617844
8.041229524,9.236105838,9.620564694,7.170987514,8.104752103,8.45435551,8.989402509,8.419856646,13.13785382,10.10407138,6.699233345,13.61638631,8.953210903,7.56417655,7.18906302,8.916617161,8.749801406,7.812114658,13.3015507,9.61185118,5.943825918,10.17461571,9.888301682,8.054891056,6.201214497,8.422741317,8.367973119,6.684435409,6.14540813,7.697065227,6.793410717,6.210733825,9.625439962,6.246700168,8.178800945,8.190993272,6.648691712,14.07350451,8.489776959,7.243971746,8.917245901,7.363269819,10.19509796,9.916477781,8.710011601,7.476123839,8.15711581,8.749134111,7.738304259,6.703204478,8.140853564,8.25981408,8.258947267,5.695687673,12.03606764,8.779732159,14.18363611,8.361230028,7.553606898,6.352437891,8.092247472,7.243313883,8.635338706,7.910212423,8.101411107,7.364410286,7.828765985,6.742200816,11.21290597,8.2331002,8.106249398,7.012496034,5.867599154,7.090045717,8.587800909,6.007780823,9.760469215,10.52295829,10.08801069,10.28428326,7.765085208,8.450379376,10.9221858,7.60979914,7.927505323,7.223968793,9.547862026,8.72747666,6.901220408,7.396453659,13.32662691,7.711857005,8.187018984,9.302786163,13.64300279,9.038843628,7.6057104,8.32955503,6.813786265,13.15405028,7.342794366,8.254046966,8.043269208,7.302092047,7.81183379,9.066949426,10.53825127,8.803357579,8.368523392,10.76627855,7.370982436,5.917676752,9.635569739,7.04013411,8.181263546,9.923614188,8.069655422,7.686621279,7.236654914,6.429898181,10.41421375,10.40931011,7.862954263,8.486924305,10.58276897,6.953761006,7.614744656,7.050700427,8.416269312,6.937427388,8.81774847,9.496944998,7.483269405,7.343721472,8.425488384
7.733598033,9.291403568,9.308500174,7.05492096,7.763342436,8.58261252,8.761483475,8.073360049,12.84392646,8.676329418,6.490669365,12.51142274,8.711635356,7.785562344,7.342974088,8.886831933,9.105388798,7.727942946,12.44149144,9.37299299,6.033219175,9.324198289,9.470908909,7.596943037,6.088864857,7.780513561,7.542882961,6.848057957,6.044000002,7.368281355,6.770838586,6.390169493,8.109670084,5.988612776,7.729388618,7.935124051,6.830204014,13.84937325,8.428700644,6.908962844,8.974685891,7.265934741,9.538360408,9.708611141,8.064350156,7.280813912,7.573905933,8.335297889,8.129489111,6.548950456,7.440906894,8.40816386,7.781387834,6.197023818,11.36982996,9.14386948,14.07350451,8.969357222,7.264397491,6.843822275,7.622630039,6.893622442,8.293259062,7.951405494,7.774758377,8.473720048,7.540072018,6.60796741,10.39224789,8.558799181,8.818837318,7.04024245,5.700403121,6.956254472,9.228248669,5.861033538,9.057712124,11.08903023,9.051239185,8.950592731,7.37997141,8.451339987,11.82667422,6.718717616,7.384540827,7.133949006,8.524943127,8.669735285,6.580899097,6.551552444,13.18235189,7.927505323,7.880373692,11.36708748,13.76026555,9.247946289,7.843501188,8.077176078,6.431963881,13.31829501,7.351064129,7.796717331,7.273569452,7.045645065,7.651172511,9.282886873,10.42947537,9.748032768,7.360713747,8.677420141,7.239879514,6.152791974,10.7047214,7.034612571,8.295781513,9.351847975,7.674534604,7.488597193,7.459692424,6.12293171,10.82956281,9.49590484,8.040167017,9.33292896,10.77343136,5.890600197,7.189952311,6.912044507,8.199029928,7.05328148,8.651069319,9.984693994,7.493067898,7.399752439,8.282283908
7.761370206,8.759153257,9.276254062,7.216360351,8.13027689,8.45874609,8.390445857,8.598144801,12.42776876,8.40495145,6.681228017,13.46351081,8.995095566,7.392881558,6.970117748,8.039856491,9.968843365,7.81510737,13.13785382,10.20316224,5.868021771,9.770387221,9.914221181,8.509158808,6.378615895,8.670893388,8.707597422,5.9690355,6.152707582,7.435323261,6.82987976,6.349299761,9.828779257,6.608439713,8.28351961,7.976849418,7.164388173,14.41917032,7.816057746,7.072498381,8.675819744,7.00260518,10.02489268,9.780500984,8.732766998,7.797527954,7.619523189,8.492390548,7.552890355,6.87685935,8.452385169,7.879709111,8.584181319,6.228637709,11.8992014,8.986727282,12.47412904,7.907974941,7.223198392,5.769540299,8.262632974,6.739205536,8.797863326,8.041229524,8.094757951,8.436972175,7.600437702,6.634710207,10.3411112,8.384911566,7.569465938,6.54603612,6.108030261,6.541941353,8.831110111,6.150933773,9.344448691,10.78075596,10.04510541,9.507250321,7.526346187,8.521460831,13.11549779,7.131929048,7.502693574,6.482445579,9.605283303,8.196196716,6.868733612,7.174857603,13.60277654,7.727942946,9.179494886,10.20048719,13.41350245,8.110083564,6.722519791,8.527485167,6.422531278,13.10835644,6.955375627,8.52347964,8.220571351,7.072932618,7.548042254,9.509104403,9.37132147,8.942653529,7.912440682,10.06384057,6.69035282,6.037137304,11.41258887,6.634585961,8.764599076,9.741701223,7.226058068,7.482824681,7.226364874,6.174054655,9.5985113,10.17576778,8.33049571,8.625609704,11.42261704,6.009092311,7.017258962,6.958384065,7.872883152,6.77006378,8.408602697,10.55329098,6.863266684,7.555512452,8.195015347
8.338841598,9.328247918,9.209151639,7.252228416,8.203733792,8.555792141,8.553860299,7.925917217,12.5544025,8.784428098,6.657608172,11.87049111,8.821304053,6.683571567,7.523767528,8.915950603,9.548785561,7.914393365,13.22969685,9.170302746,5.950221056,9.585703642,9.36382521,7.585123501,5.8904917,7.443211552,7.652725962,6.185900536,6.058377799,7.071683739,6.77006378,6.201983489,9.308500174,5.886178282,7.543615007,7.197937225,6.82138564,14.34930068,7.897811848,6.368482713,8.991606277,7.062542111,9.49512804,9.900328321,8.087373974,7.159945224,7.271536063,8.151593351,7.912126645,6.319619062,8.197001509,8.064736426,7.55643719,6.150632591,11.36245123,8.014662878,12.88869285,8.524943127,7.328721813,6.051199332,7.281524613,6.167202162,9.022567398,7.590904937,8.266047634,8.472663557,7.437217281,6.881346486,11.20819939,8.635841762,7.907057931,6.952834122,5.78953783,6.405667422,9.096051453,6.006383355,8.982088191,11.20383515,9.087261254,7.082729722,8.088186518,8.621437782,12.26306263,6.253515394,7.222613107,6.659389323,9.194908943,9.096736258,6.365084265,6.767749072,13.61638631,7.619794375,6.90366222,11.39503645,13.45388931,9.252077856,7.66721019,8.351302826,6.250174946,12.76068459,8.051699261,7.845730912,6.650830314,6.228380704,8.148628013,10.31917604,10.98623234,9.384768258,6.548443894,9.825271491,7.457971085,6.048052432,11.4253257,6.444437064,8.10293684,9.733033742,7.356948562,7.77274106,7.921324827,5.685771127,10.07523964,9.097424266,7.323326666,9.098033707,11.05604423,6.008815673,7.648032126,6.629766139,7.934772011,6.347605212,8.34916241,9.973752737,6.736438866,7.265934741,8.358975954
8.235102866,9.888301682,9.458889584,7.410630337,8.074072975,8.954475424,9.164931151,8.300955428,13.68415929,10.38596674,6.706050184,10.15444369,8.771555062,8.323869476,7.020226272,8.020693456,7.231349477,7.562028459,12.40528582,8.505444629,5.796986793,9.654200165,9.77255998,8.093675317,6.079488478,8.320417543,8.4684736,6.413673178,6.581214846,7.631431421,7.055149805,6.579721257,8.286992561,6.394575918,8.018512784,8.187809253,6.850395966,14.20258868,8.537959246,6.904272508,9.244185848,7.360126246,9.802954774,10.58822369,8.746082525,7.374361067,8.023145996,8.925845243,8.339793572,6.647608129,8.286140887,8.456904088,8.213619269,6.220487175,10.19251284,8.584181319,12.43253718,8.071057008,7.558164499,7.635822266,7.901615484,7.014705106,8.45825791,7.407389361,8.182833682,6.794490899,7.62191359,6.760406199,11.04770221,8.186234333,8.062917535,7.189509191,6.12708485,7.382564252,9.142998231,6.194170773,9.477043604,11.01193523,9.570359098,8.116192865,8.072971917,7.763887986,9.576364395,7.061451795,8.27682996,7.759689483,8.552845329,9.551514484,6.531650667,6.936203217,13.22108846,8.000455862,6.484477785,11.51946172,13.37317483,9.762568243,8.108074287,8.88306321,6.682395737,12.00361822,7.488597193,8.230594571,7.663241047,7.023074586,8.120255867,7.26087509,10.67562459,7.95042608,7.185528134,9.555269231,7.904500172,6.170069762,9.940315948,7.187904784,8.08476227,9.9295021,7.944366088,7.864865668,8.299229831,6.380002182,11.11785583,9.934227532,8.250255343,8.049219977,9.446165012,5.798725599,7.437857186,6.863266684,8.908098199,6.92232261,9.049301363,9.879953754,7.436373088,7.770321614,8.696096074
7.929700189,9.235373718,9.039504604,6.457942258,7.650395292,8.043953201,8.538461024,7.347509726,12.46090975,9.527896731,6.855472856,11.11329359,8.686995959,6.908613664,7.524000022,7.459474857,9.995963848,7.471283778,13.03915965,9.167223803,6.006272718,9.093155622,9.58983248,7.834752224,5.981728395,7.110710114,6.905339459,6.018222842,5.879641426,7.049521478,6.979170209,6.018383577,8.917944049,5.736166341,7.322193163,7.841742243,6.825946823,14.41917032,8.243197608,6.334844009,9.162609627,7.260397154,9.033133855,9.736404763,7.711340314,6.754649002,6.679374389,8.107367686,7.651172511,6.243633477,7.547796475,8.108870076,7.549897405,5.785317837,11.38030571,8.522003602,13.69731582,8.828807972,6.452196466,5.623744898,7.382381958,6.2723823,8.573602373,7.47195983,7.733900553,9.089443158,6.80153153,6.906295413,11.03507755,8.185428518,7.482824681,6.673331158,5.826054469,6.393553476,8.251124665,6.252364677,8.926519338,10.68281292,8.422741317,8.845692084,7.583662925,8.77092975,12.44149144,6.141435349,6.71409548,6.436906434,8.810510626,8.762182727,6.325097456,6.0683759,13.55419679,7.825470929,8.044589197,11.27414624,13.67095946,8.996454179,7.704790364,8.134341162,6.301846435,12.59409953,7.093419117,7.590368633,6.635097002,6.581998325,8.093344792,10.44382722,9.95358722,9.898007797,6.590637771,8.72747666,6.852174435,5.949392933,11.44018106,6.53518944,7.891415769,9.221990018,7.721443087,7.589390023,8.49621575,5.89616422,10.66999317,8.662613447,8.080450645,9.532885332,10.60892895,5.976040527,7.010252757,6.289883162,7.812689978,6.089871018,7.826896687,9.997197579,6.390646103,7.474015944,7.630710227
8.151593351,9.452631302,9.575298515,6.993924114,8.158658272,8.486408104,8.711635356,8.213619269,12.2300226,8.508725368,6.757010568,12.71359242,8.8893785,8.293715155,7.6985858,8.296624105,8.544563533,7.869831488,12.80426996,9.709737484,5.759177834,10.0133684,10.06125712,8.253627342,6.114672905,7.890734756,8.022497221,5.957007469,5.922675698,7.847921038,6.749162308,5.865514569,10.27586835,6.160611873,7.776743646,7.880046883,6.704569944,14.28988044,8.530999306,6.777605375,9.266769155,7.613495416,9.528878177,10.52646216,8.757353552,7.18273854,7.474015944,8.723020123,8.053492179,6.179667977,8.358092207,8.400352459,8.230186462,5.976946132,11.93235473,8.310071254,12.90682803,9.090192874,7.332153945,6.020683146,7.781101223,6.401501809,8.529010808,7.588901323,8.307929687,7.634011803,7.94299059,6.629271989,10.71873076,8.42821326,7.623100652,6.863607334,5.684219735,6.808875666,8.634825259,6.002377012,9.84609137,11.2648471,9.493299352,8.350856178,7.966793711,8.26862136,11.95980689,6.289133546,7.356322387,6.70515624,8.823783492,8.794275482,6.650341056,6.305212663,13.42503637,8.006774057,8.897790952,11.06955738,13.74438467,8.528488175,7.258469695,8.729326863,6.724744554,13.08048709,7.173877297,8.006115252,7.635822266,7.395440152,8.224217997,8.476237128,10.03011794,8.482950817,6.661079119,8.835498029,7.385340067,5.713321947,11.16777236,6.84871976,8.616184525,10.07264209,7.718975629,7.703671433,8.33307277,5.998080948,10.38596674,9.337049225,8.226259931,9.727681953,10.2213111,5.883264737,7.741158723,6.205760791,8.237910861,6.554663745,8.839272096,10.84721594,7.063874341,7.222613107,7.674248832
7.74023048,9.538360408,9.054035573,6.662850147,8.001097744,7.785256345,8.72081057,8.18664595,11.5997474,8.129489111,6.629318687,12.13466491,9.0826801,8.350003827,7.408605211,7.955151284,8.736096626,7.345484094,12.60341156,9.409276415,5.907579907,9.69073926,9.549718294,8.506395824,5.7976325,7.844452127,8.297899857,6.054865987,5.930971021,7.555512452,6.629925503,5.959970471,9.676188,5.911545847,8.10293684,8.230594571,6.805101537,14.28988044,8.384417233,6.54444542,9.490611909,7.274760307,9.579258553,10.24459425,8.215308304,7.774758377,7.77590268,8.38301796,7.986634194,6.037788641,8.389993988,8.098464677,8.182075628,5.730009162,12.37890743,8.127674809,13.62883519,9.481425298,7.384540827,6.093623243,7.988345185,6.532821979,8.620389298,7.809318824,8.238728723,7.252228416,7.914060423,6.397806075,10.55001237,8.434667881,7.841128235,6.568836562,5.620080673,6.354812087,8.383468502,6.112198786,9.361248938,11.46057919,9.554257457,8.673178486,7.378557131,8.267240099,11.83308903,6.679350136,6.799117526,6.312008685,9.061241011,8.991606277,6.737560365,6.159898131,13.31018278,7.796097534,8.263881884,11.91933364,13.1451807,8.651686898,6.921061622,8.816476339,6.72877557,13.729339,6.620992474,8.146798718,7.614252675,6.401173383,7.861046205,7.975587735,10.51176518,8.437465364,7.32951484,9.304323077,7.131785814,5.766879623,11.13348214,6.341687609,8.320417543,9.973752737,8.080450645,6.787394367,7.663807451,5.970745438,9.164104744,9.851662313,8.129118903,8.994351878,9.338741831,6.093944831,6.960377765,6.226869885,7.824210943,6.254118142,8.520408324,10.17461571,6.544825505,7.645507606,7.876871164
7.796097534,9.253662139,9.599347646,7.229134299,7.871986262,8.559328928,8.765612138,7.55037723,12.84392646,10.07632963,6.578245495,11.6967373,8.352295931,7.339011805,7.074677439,7.756051487,10.39374095,7.600686507,13.68415929,9.915383668,5.818346333,9.158225806,9.487879304,8.097345824,6.219272745,8.023810273,8.291951247,5.890034606,5.811996394,7.674534604,6.811936513,6.253693014,10.24167492,5.920771445,7.645230412,8.084384448,6.778132616,14.49961834,7.996061518,7.104622052,9.008674858,7.245158128,10.21584441,9.558005946,8.138624544,7.313336629,7.597217921,8.008855473,7.757142978,6.166456399,7.958916207,8.164606858,8.110513502,5.874403761,11.18323655,8.579425005,13.7897843,8.885529277,6.791684716,5.878751402,7.867659287,6.859833031,8.61238637,7.523500494,7.584620586,7.951405494,7.909023909,6.541451247,12.04607349,8.462722997,7.353552604,6.792907857,5.732001409,6.646514151,8.284372407,6.184194334,8.966603771,10.65778815,9.390317508,9.756110876,7.60979914,8.660399483,12.0214093,6.811178501,7.506315131,6.657951466,8.570976046,8.536072666,6.932510745,6.288153371,13.84937325,7.762517001,8.638046451,10.98396911,13.98560803,8.497160511,7.545959762,8.551277174,6.197092785,12.56408499,6.981302201,8.083731018,7.090775508,6.899390805,7.41887589,9.596637806,9.59561588,9.677284543,7.635058929,8.891320244,7.26105334,5.798512022,11.65565457,6.749297911,8.450883907,9.41011535,7.490947145,7.765085208,8.573109236,6.081714429,10.96097024,9.835615504,7.865486972,9.424304441,11.78889127,6.356810899,7.059262693,6.264746257,8.031852796,6.597211538,8.287821954,10.20445266,6.456941612,7.479263568,8.122362128
8.475736714,9.399708735,9.281183508,7.118724954,9.187141587,8.707031095,8.842588606,8.76029026,12.8096523,8.780906672,6.76624505,12.6275518,9.105388798,8.338841598,7.546873953,9.218977709,7.777877997,7.969090523,12.61763563,9.816335545,5.860742357,10.27723637,9.714709775,8.866271477,5.854924746,8.723509732,8.492390548,6.495814754,5.694912973,7.571397879,6.712333393,6.028312923,10.29306167,6.017789391,8.008542938,8.042600641,7.238400163,14.27117145,8.602297166,6.471227834,9.301185729,7.01305219,9.567392693,10.07264209,9.174741694,7.713793168,7.480143806,8.155541589,7.402514058,6.067930866,8.481023699,7.978110286,8.211963748,5.929670069,12.39229116,8.557307242,13.95010786,8.979443691,7.029592723,5.997747592,8.142707766,6.733586178,8.998474208,8.055249611,8.703022826,7.10603073,7.857541161,6.653062466,10.31342214,8.367498619,8.471299215,6.610279328,5.59767179,6.434032655,9.098788529,6.132089218,9.224542509,10.20600866,10.39074375,8.369397808,7.552382768,8.442257825,12.08710956,6.687889874,6.716130673,6.56070481,9.232882814,8.633358148,6.641018412,6.286660939,13.26075136,7.141996539,8.090416762,9.691801248,13.17496129,8.757353552,7.144370007,8.198179382,6.731004326,13.33516208,6.635419015,8.743754956,8.019257603,6.9222552,8.389993988,8.690396417,10.38456044,8.649460505,6.518232264,8.372258846,7.04179581,5.893876887,10.66140576,6.268389906,8.359918451,10.37725511,7.149384414,6.628154,7.664869542,6.001207085,10.76627855,9.834493225,8.743189655,8.370839776,9.783805935,6.076112021,7.430037884,5.940490326,8.497160511,6.804851366,9.019711036,10.46786803,6.916527225,8.17195362,7.913753158
8.342421901,9.11730361,9.651151976,7.565319955,8.73219792,8.549275391,8.752107033,8.229281749,13.16145339,8.713344204,6.607897392,11.58126694,9.188003881,7.74657045,7.277691463,9.622502455,9.644170473,8.258514238,12.16220058,8.646121473,5.520148218,9.926077994,9.750345833,8.090416762,6.046383133,7.793532582,7.915717907,6.705356084,7.027411453,7.507225289,6.747036949,6.612744396,9.386334028,6.417351129,7.6985858,7.723172257,7.564426269,13.89852554,8.507314734,6.967283743,9.33465456,7.654350534,9.519341805,9.795263589,8.824455702,7.495356521,7.379329173,8.54107375,7.71843125,6.862468989,8.182075628,8.251982577,7.850508897,6.091269082,12.0214093,8.72081057,10.31048472,6.96292718,7.083754638,6.473913811,7.45224536,6.752672909,9.010877473,8.021780995,7.991396246,8.820122366,7.677545572,6.641069681,9.043841871,8.434667881,9.496944998,7.004921417,6.479581111,6.512576602,8.754500704,6.284993897,9.271543761,10.74627896,9.627360404,8.784428098,8.68292502,9.166412455,11.94663815,6.600605809,7.735842516,6.975309044,9.041009152,8.621437782,6.910732457,7.033314184,12.8609055,7.786801719,7.863941343,8.98146263,12.79826749,8.817094281,7.108565711,8.433797257,6.433961736,12.60341156,7.175580754,8.279324043,7.551639687,6.783975406,8.194573498,9.672207141,10.21726712,9.168720074,7.287718275,8.744920082,7.512947024,6.125615332,10.76447264,6.597543613,8.315391096,10.03272953,7.401938626,7.288427102,7.581201142,6.093344904,10.23013894,9.491425057,9.052578504,7.790270613,10.61772988,7.335783162,7.954483733,6.791978921,8.10590728,7.077331582,8.732766998,9.972571029,7.367320091,7.769179237,7.982141624
8.242822041,9.390317508,9.696917243,7.344591569,8.128400163,8.669170812,8.899688355,8.616184525,12.64241176,9.52316236,6.570515494,12.4144471,8.932348881,7.803173079,7.022883376,8.643515013,8.650036576,8.180885474,11.99581275,8.987413395,5.910094472,10.15960715,9.603139733,8.149752796,6.260817017,8.303893775,8.469426218,6.4895841,6.935672956,7.872883152,6.811587067,7.003440519,8.228851591,6.718344679,8.389504823,7.920733726,7.018062755,13.60277654,8.46367358,7.374150306,9.034441508,7.408197461,10.58124384,9.939041936,8.514631452,7.253679654,7.890734756,8.78156071,7.760839937,7.136607312,8.059676811,8.293259062,8.35630671,6.563558272,10.20316224,8.997126838,13.76026555,8.155541589,7.454243165,7.618483292,7.714636235,6.972715324,9.006515522,7.769733662,7.820103049,7.607230568,7.546637774,6.784805326,9.959599119,8.323869476,8.656685771,7.211821249,6.553143933,7.157003698,9.254415823,6.355133486,9.704461587,9.622502455,9.718937258,9.409276415,8.547305444,8.880514696,12.14282046,7.079966123,7.977524224,7.205640102,8.988086925,8.680137208,6.857566742,7.456075796,12.86629027,8.012264892,7.338471066,9.504239895,13.45388931,9.185595289,7.706157346,8.535633187,6.342249409,11.99947376,7.972982574,8.352295931,7.698102647,7.082953611,7.513848267,9.275550624,10.78075596,8.85652642,8.202167901,9.810716333,7.632930332,6.586126559,10.54669956,7.133150898,8.351772163,9.727681953,7.810574483,7.675527545,7.492852995,6.29678522,10.22455817,10.26192828,8.707031095,7.793801486,10.64593819,6.893802895,7.933747627,7.490947145,8.60600404,7.100011645,8.764599076,9.881191155,7.147297433,7.409391387,8.946103481
7.777600095,9.338741831,9.645377442,7.173877297,8.058899157,8.879945925,8.828807972,7.989721361,13.12937693,9.720119678,6.556174816,11.96405871,8.677962283,7.622630039,7.20740731,8.572584891,9.539294638,7.593983674,12.46536707,9.653194236,5.95165241,9.414436712,9.521325237,8.553316261,6.030994026,8.339299109,8.44551514,6.497763682,6.045179914,7.52932224,6.803457622,6.491593465,9.333742063,6.484098556,7.965439973,8.206218508,7.006868792,14.0199876,8.217701291,6.943883609,8.790677451,7.122721326,10.41242884,9.477937708,8.365199567,7.290761729,7.816850308,8.25981408,7.558905646,7.017144266,7.567714827,8.0593018,8.302223484,5.931806479,10.46786803,9.324198289,13.67095946,8.723509732,6.923037152,6.191501009,8.079756598,7.024269354,8.462722997,7.880980174,7.686363495,7.551881953,8.061421195,6.70780445,9.982262984,8.109281393,7.960324641,7.192384621,6.056920537,6.906362494,8.352295931,5.985641061,9.266026403,10.5014735,9.798595054,10.26738791,8.197409181,8.479530111,12.07601536,7.37912722,8.39912592,6.90366222,8.932948986,8.497619732,6.774694452,6.833099713,12.94885385,7.722859671,7.640255315,10.95904937,13.60277654,8.822504663,7.827222821,8.216904245,6.699401614,12.33652662,7.033638938,8.296624105,7.630710227,7.398322994,7.376467135,9.158225806,10.38596674,9.18100244,8.223397385,9.41011535,7.343345332,5.944163949,10.97354714,6.875146904,8.447470866,9.496944998,7.40920584,7.917598422,8.669170812,6.342809262,10.44535833,10.02353187,7.971676424,8.785084083,11.50386613,5.915267119,7.235840781,6.534448433,8.355854786,6.730908859,8.388640289,10.07768505,6.752461478,7.894598256,8.28093615
8.008237394,9.175541227,9.479718704,7.053174817,7.797815663,8.291137282,8.586197314,7.729388618,12.4144471,9.084188522,6.742434719,13.08701531,8.941373432,8.26862136,7.271376425,7.780819391,9.717834374,7.502055368,12.82124496,10.05620555,5.822347045,9.64092858,9.678332942,8.337923141,5.990086649,8.425035751,8.062536581,5.926930735,5.969970002,7.541286934,6.658828291,6.141106997,9.995963848,6.117761045,8.042600641,8.285252574,7.099762831,14.0199876,8.031531358,7.101386762,8.965203177,7.280648931,10.28295176,9.703435337,8.409080379,7.241860016,7.699183164,8.449908757,7.475064102,6.556174816,7.812990818,8.160206401,8.318507544,5.994079724,11.10230925,9.219697679,13.91488379,9.569336381,7.195904661,5.951052637,8.173145346,6.981732878,8.403153843,7.827222821,7.883247194,7.80380683,7.921956093,6.981820122,10.32193583,8.299662174,7.407978154,7.17643318,5.778615508,6.803956011,8.374521535,6.123521597,9.624603928,10.85864685,9.826450811,10.49512228,8.151998291,8.423656971,12.07601536,7.496005005,7.954483733,6.654995797,9.667864902,8.63006817,6.723364171,6.415128094,13.43549686,7.656924894,8.671489257,9.101094381,13.84937325,8.227983839,7.262859942,8.479530111,6.327413938,12.88256848,6.94880188,8.102177397,7.880669289,7.341306356,7.224926746,9.806276824,9.913110447,8.913321685,8.137455934,8.897169194,7.193424871,5.802036775,11.54861437,6.950448642,8.468925072,9.515617119,7.749009855,7.744447557,7.350323831,6.314716663,9.810716333,10.26614011,7.880046883,9.507250321,11.99241013,6.872473908,7.413703094,6.187418775,7.871669311,6.797953039,8.249839107,10.87692845,6.571284838,7.542189866,7.861367745
8.110850579,9.292282221,9.53566655,7.330292982,8.073712342,8.839272096,8.921915205,8.49621575,13.22108846,9.891969754,6.501331562,12.49705293,9.144621126,7.418286165,6.99046325,9.605283303,8.777936584,7.848770169,12.69232141,9.079025204,6.028473774,9.981185935,9.692782454,7.810574483,6.200320788,8.05245136,8.0071502,7.176297788,6.980297181,7.612501875,6.861977164,6.900757439,8.537959246,6.676174316,7.798436314,8.113187873,6.863266684,14.25116683,8.389993988,7.188335614,9.094604507,7.405958187,9.90380659,10.0133684,8.353215214,7.346388561,7.665605897,8.87742894,8.001717073,6.967609252,7.930939801,8.516091519,8.049554552,6.224127221,11.80118894,8.853502855,12.44149144,7.667964018,7.351612495,7.038011145,7.800267931,7.001932606,8.478557086,8.17195362,7.949090148,7.677545572,7.627867102,6.916948747,10.33955886,8.277232338,8.56952074,7.128033407,6.286865899,7.145061988,8.858310162,6.268916285,9.232882814,11.20591541,9.482361863,9.243418542,7.998116264,8.501571525,11.11785583,6.970195105,7.910534563,7.372170303,9.209151639,8.732766998,6.964565847,6.914719094,13.0530641,7.828166108,7.715677275,9.729821868,13.33516208,9.382355028,7.20484332,8.321227027,6.391641717,13.08048709,7.009414286,8.187809253,7.673167563,7.206341819,8.079017543,8.871881509,10.99949386,8.837394797,7.706709307,9.158225806,7.46575921,6.441609251,10.23875358,7.113404268,8.300071109,9.862218069,7.869831488,7.653020886,7.880046883,6.603258214,10.6665395,10.06260468,8.196586492,8.116192865,10.1637577,5.933039612,7.319907988,6.843505365,8.604959569,7.225243024,9.291403568,9.802954774,7.640981226,7.653290926,8.502938275
8.159004428,9.594674314,9.07966789,7.223357377,8.140512313,8.126147483,8.688111151,7.903879629,12.45593181,9.250424177,6.511227651,10.72422953,8.797259902,7.078901669,6.90956924,9.095356723,9.8585755,7.759977017,12.35633997,8.705876091,5.772060419,9.643081553,9.56191412,7.663519888,5.794123834,7.231785784,7.16007983,6.29592134,6.396368279,7.629129677,6.563489428,6.176457894,8.480560716,6.023353635,7.584620586,7.750167649,7.263741838,14.05417949,8.365649334,6.680668215,9.185595289,7.556228847,9.142193558,10.03406597,7.907353756,6.806959848,7.273240856,8.124277373,7.979079421,6.492641876,7.986972254,8.310475975,7.615474901,6.100888234,11.47849811,8.223021106,13.18961024,9.78271588,6.595225674,5.982227138,7.359117294,6.402544205,8.598661147,7.703671433,8.040868593,8.774969362,7.627606238,6.952752002,10.27723637,8.333517066,7.519105677,6.960209712,6.06098416,6.515396425,8.437929834,6.224127221,9.03811318,11.29243627,8.656150444,8.927808514,8.091537458,8.998474208,11.20819939,6.21774581,7.327230622,6.832822578,8.685284553,8.785084083,6.335244322,6.678715195,12.95476601,8.092247472,7.695980396,10.44220206,13.04664399,9.023325268,7.506970162,8.107006345,6.250080988,13.64300279,7.028209953,7.674534604,6.966692805,6.727996564,8.048571263,9.438448048,9.939041936,9.740690095,6.649339951,9.132028695,7.453780759,6.044721291,11.51665085,6.548227996,8.110513502,9.556146475,7.664075835,7.686621279,7.862954263,6.041746116,10.45494195,8.958936648,7.960324641,9.178726772,11.08282659,5.890658332,7.216196936,6.468651964,7.970737327,6.54243902,8.279324043,9.957189103,6.993208504,7.458822729,7.968758183
7.643875397,9.07133896,9.02115742,6.792145902,8.095152267,7.977524224,8.315837722,8.267240099,11.78588804,6.907675285,6.691586087,12.72347937,8.819404024,6.477494604,7.259591162,8.390445857,8.809283536,7.235507917,11.78889127,10.52295829,5.873800086,9.709737484,9.433069048,8.45874609,6.189067128,8.658786217,8.359509652,6.245909663,5.932649306,7.300511815,6.641700138,5.993533051,8.950592731,6.016497413,8.023810273,8.357187343,6.853397362,13.40335157,8.243576193,6.079767249,9.18174355,6.534331379,9.392945022,9.828779257,9.004447613,8.027718457,8.017820493,8.123904861,7.712393347,6.247506127,8.370839776,8.114326501,7.986280572,5.868642555,11.81053719,9.464403297,13.46351081,8.024845565,7.311104351,6.024107818,8.047856355,6.441950355,8.429651898,8.059676811,8.317642742,8.299662174,7.591411821,7.508825107,8.304849997,7.966793711,7.668479002,6.382464029,5.880145919,6.549238205,8.923936816,6.12446806,9.48416724,9.961797303,10.13143738,9.177073595,7.03902389,8.163025193,12.4144471,6.542028609,6.964565847,6.202872588,9.370370909,8.746082525,6.464830087,6.112472984,12.65187678,7.181086276,8.472215872,11.50915821,12.73374335,8.037086563,6.79741759,7.957531063,6.668527431,13.1451807,6.657249641,8.489776959,8.066676767,7.781101223,8.2882499,9.261139889,9.84609137,8.710540091,7.025023312,9.015620467,6.344933885,5.680679863,10.96337794,6.464724088,8.396655469,10.00825621,7.233425608,6.506361305,8.053492179,6.249991561,8.148278265,10.10006026,8.474221031,9.075493569,10.80218929,5.570319954,7.597217921,6.089871018,7.848770169,6.585935937,8.902268396,10.97169137,6.929223585,8.187389494,7.231498208
8.043269208,9.05476145,9.347590156,7.382381958,8.44360712,8.31455596,8.908721124,8.179590131,12.71359242,8.58826844,6.634662394,13.03232559,8.992997923,8.104400158,7.223357377,8.214021288,9.704461587,7.753527492,12.91277898,9.758245906,5.58381065,9.879953754,9.58110553,8.587800909,6.087960712,8.666383547,8.651069319,5.983550752,5.487845179,7.616718718,6.688949338,5.943191642,9.353445592,5.87285496,8.124277373,7.77003087,6.631911675,14.25116683,8.24527751,6.773858683,9.165637005,7.176878229,10.00189065,9.761467249,8.60600404,7.447376665,7.933071183,8.376642478,7.669493594,6.098302521,8.576198407,7.968139478,8.455846952,5.862081068,11.82380316,9.033133855,13.60277654,7.919465719,7.072498381,5.822118758,8.075206351,7.119541492,8.716768592,7.913468714,7.841128235,8.014662878,7.781997468,6.640491429,10.04995663,8.497619732,7.818632105,6.795361154,5.292526134,6.985352553,8.65565956,5.973338085,9.251318866,10.57120361,10.23161659,9.840329621,7.481704277,8.779131547,12.93769178,7.665873166,7.725388067,6.563933836,9.56191412,8.476705301,7.159945224,6.115417652,13.54318584,7.784060491,8.46223174,10.91182539,13.32662691,8.153966217,6.951578973,8.871216084,6.251095835,13.37317483,7.012234237,8.626108994,8.125801784,7.368851762,7.688816519,10.29588486,10.33955886,8.953869255,7.701346858,9.922338218,7.024057351,5.851438855,11.30125773,6.534154297,8.418565381,9.956024589,7.488149871,7.546405846,8.2882499,6.093116192,9.90272146,10.21312911,8.393339297,8.346454086,10.965306,6.29111964,7.079341303,6.722762953,7.767400162,6.715137355,9.0826801,10.82541248,6.594371744,7.73444795,7.736933038
8.124614969,8.878000508,9.209151639,7.320102453,8.577719519,8.454871277,8.750918107,8.502473139,13.33516208,8.919912511,6.469052112,12.19360392,9.049301363,8.283936206,7.175864812,8.448905386,9.085727787,7.612239561,13.49626879,10.03989921,5.987056756,9.967553963,9.872983252,8.675261659,6.07839531,8.721925675,8.668694949,6.178069458,5.914881939,7.512691173,6.348820756,6.029723968,9.481425298,6.1553212,8.143530748,8.70421619,6.997566437,14.5647603,8.046318603,6.775970999,8.644051525,7.28098443,9.606254013,9.882442157,8.943310289,7.409391387,7.744182684,8.686995959,7.961640554,6.701035062,8.435605632,8.127674809,8.461223916,5.984749218,11.49165567,9.232112798,9.909683199,9.274820409,7.493749191,5.727732698,8.007470717,7.374751107,8.533646153,8.048897551,8.126147483,7.284307235,7.838991293,6.824601588,11.22290377,8.381239574,7.591411821,6.791167781,5.699704246,7.271713721,9.310101056,5.804462734,9.944992165,10.50691344,10.26327697,9.685580294,7.720290768,8.31136169,13.11549779,6.692328352,8.021029202,6.785002496,9.534878913,8.909311011,6.542756067,6.595945504,13.76026555,7.524000022,8.677420141,10.72927615,13.77378769,8.131356931,7.254483838,8.227127544,6.368189043,12.30379744,7.399319569,8.693846046,8.338841598,7.246915997,8.243576193,8.619418962,10.0948911,8.289559714,7.722579718,9.125928236,6.8753688,5.817401336,10.51635226,7.083754638,8.262632974,9.698094626,7.334394921,7.311443611,7.478131591,6.194590729,9.616635154,10.16503571,8.081928674,8.972639376,11.70566518,5.949837024,7.434918253,6.487756244,7.901003618,6.895371014,8.845074933,10.60004092,7.367099121,7.642634854,8.045974003
7.725115221,9.367950049,9.179494886,6.591011159,8.120641362,7.916657195,8.40816386,8.02979321,11.73212469,7.431951352,6.627642803,12.99249425,8.947398393,7.199088912,7.133949006,7.849327992,9.58983248,7.565544689,13.16145339,9.899135725,5.939221529,9.620564694,9.317473199,8.486408104,6.026779081,8.612956452,8.449908757,6.185185309,5.625391262,7.580482654,6.590243783,5.933497657,9.405129692,5.99364361,7.849612597,7.862954263,6.782188396,14.28988044,7.865486972,6.595061875,8.939334699,7.223050888,9.521325237,9.570359098,8.867582319,7.813572854,8.010865187,8.208667268,7.667964018,6.208551387,8.61238637,7.829411828,8.044929107,5.699564465,11.93591359,8.87742894,13.47431072,7.609532822,7.308560482,5.947003482,7.981770439,7.086918841,8.350387376,8.042600641,7.745500216,8.080450645,7.471722119,6.780305783,10.13791789,8.187809253,8.176737018,6.845634577,5.822007311,7.549001158,8.543655858,6.116773483,8.977521524,9.748032768,10.30761627,9.942701789,7.250990084,8.2331002,12.55010372,7.557895573,7.666131128,6.571284838,9.285208028,8.487425069,6.636833568,6.18781433,13.01814564,7.723461104,8.476237128,10.50314508,13.08701531,8.026567391,6.770339817,8.546211003,6.603813609,13.24474657,7.043755199,8.517064799,7.999490378,7.719532749,8.509158808,10.03135483,9.699294922,8.77092975,8.436059566,9.543192216,6.895777604,5.80572986,10.61599474,6.667715758,8.090792429,10.21584441,7.712118115,7.33691821,7.15570457,6.045590998,8.320828157,10.32333785,8.515617996,8.6245657,10.52993362,5.797050634,7.054373009,6.455534754,7.659033136,6.701448968,8.910028827,10.45068488,7.256400649,7.940011187,7.321662081
