label,acta2,ap3b1,atp6v1f,c8orf33,cap2,chst4,creb3l2,ctnna1,dap3,dctn2,fam20b,gmfb,gnpat,hgs,hsph1,kpnb1,lage3,lsm2,nol7,parp1,parp12,plod3,plvap,polr2g,psmd4,ptcd1,ptprf,sae1,slc41a3,tfrc,thy1,vwf,znf207
case,12.64105627,9.526209997,11.31139009,9.452426263,7.852616264,7.454507529,9.729095883,11.04952203,9.63192649,10.13228655,8.772678273,8.576461585,8.014075901,10.36238293,8.301139443,9.558063246,8.579366299,10.93327543,9.29857883,10.78431741,9.726733298,10.12925034,9.169041559,10.76718637,6.923091686,8.662229571,9.345935095,10.65181557,8.511781359,10.32004283,11.53151702,11.14102948,9.826289209
case,12.34302445,9.50991708,10.37329863,7.998127892,9.387735891,7.938981875,8.979427225,10.69074261,9.665968709,10.00402101,8.122068059,9.881976162,9.21166962,8.580188949,8.620394907,9.781570393,8.925179211,10.11452849,9.843228294,9.971342297,8.809821457,8.914080782,7.606554709,10.57796865,6.802562403,8.055000574,9.975768856,11.48275996,8.684812449,10.64654542,9.65821832,9.921688444,9.230359146
case,12.78164768,9.11685498,10.23073957,9.245666901,9.40326451,6.542216133,9.15826924,9.999096152,10.00213604,9.536080798,9.68557587,9.562349663,9.094114138,9.16367116,8.878684612,9.795540627,9.476475631,10.43704597,10.5343241,10.10277868,8.492276769,9.455913537,7.49821823,10.24821851,6.589346612,8.655186386,10.91655882,9.742800756,8.838945484,9.409927757,7.971875816,10.69074261,8.980903329
case,10.63702303,9.537470863,11.25629707,10.18464888,8.053731422,8.057046814,8.971741422,10.88874132,9.656033865,9.87657551,9.286431257,9.316748714,8.948161344,9.855201336,9.81472355,10.27189208,10.0649171,10.20768081,9.589192416,10.68117687,9.439849966,10.50101022,8.079629781,10.35389203,6.861738251,8.442022616,10.71358847,11.15905061,8.741639275,11.65292697,9.271314701,10.5343241,9.492020835
case,10.63837049,9.71345759,10.73425668,8.587638282,9.091431672,6.489634284,9.280337282,10.63439231,9.848415366,9.497074772,9.981236072,10.25043392,9.326197821,9.935655465,8.284915913,10.57677542,9.614077162,10.16251568,10.24140764,11.17644064,7.387900058,9.378380171,8.493034865,10.61783441,6.441869848,9.430634932,10.96031871,11.35618455,8.378092704,10.68640305,8.81221049,9.188627196,9.830535678
case,10.97903212,10.35289011,10.18772989,9.833845163,9.370549425,6.713107653,9.021264273,11.08708564,9.946491813,9.940855564,9.056347472,9.332393641,8.720854949,10.11937551,8.437017115,10.04446867,9.584914158,10.14917208,10.80019057,9.828042015,8.505063005,9.587030596,8.374508245,10.26675226,6.572915631,9.107409816,10.9666783,10.33839388,8.955991053,11.34987264,8.809331787,10.49860726,9.24072809
case,8.670770671,9.971342297,10.29802323,8.419952897,8.906674385,6.30381785,9.203571411,10.58669076,9.608594864,9.768059219,8.739034357,9.375204462,10.02389444,9.461188343,10.04838302,11.02944506,8.764987603,10.18555986,11.37133818,10.54438181,8.020909058,9.759813964,7.066718081,10.09109548,6.621951603,7.863238685,10.69074261,11.70727422,8.233145378,10.42288651,6.87946247,9.458519871,9.329903597
case,12.10157801,9.284079177,10.28306602,9.586386635,9.507026306,8.057368549,8.775063231,11.00174781,9.673084305,9.802917935,9.881976162,9.955617972,9.193371121,10.04645201,10.41811919,9.367954949,8.773117232,9.958286102,9.889002707,10.8088197,8.88463512,10.58431344,8.803031211,10.70237092,6.539940749,8.835140329,9.957428518,10.50620819,9.049249053,9.175535083,10.47316965,10.08362597,9.152550069
case,10.53938989,9.487549731,10.45266233,10.45972174,9.470212122,6.608465293,9.062873681,10.80735408,10.03326135,9.912742033,9.030886057,10.09405492,8.53821174,9.32297362,9.025484668,9.780745216,10.61654753,10.29058004,10.61251298,10.15014819,10.22865108,10.14536715,7.939239448,10.34962112,6.674282959,8.842804112,10.45852606,11.47631706,8.70382499,10.92137954,8.938543178,8.967117489,9.370549425
case,11.57493572,10.25043392,11.06863023,8.615030949,8.380707044,6.482578023,10.42611497,10.91352013,10.2436437,9.936500258,9.751956978,9.198811564,9.462489035,9.36990013,10.68368548,9.914442915,9.793146464,10.13523636,10.44916824,10.33952469,7.593865081,9.813894145,7.499447072,10.50860197,6.616220805,8.114284563,11.18194039,11.43746197,9.046560177,9.553741514,8.299030907,9.160734168,9.353092155
case,10.01588209,8.562188308,10.2179979,8.529546346,8.687513035,6.511824039,8.870332943,10.57916046,8.535930081,10.0417211,8.489592939,9.589974266,7.856775779,10.42055551,7.487041717,10.21691633,7.445602099,10.48859862,9.647590454,10.16547225,9.904750237,10.81330966,8.444714991,10.09109548,6.920661492,9.488287271,10.90258434,9.749455849,7.441270197,9.764821181,8.256967397,10.52939494,9.492020835
case,9.552358041,9.106287929,11.65057582,9.938169552,8.57443035,8.837976999,8.582708258,10.99514422,10.3339897,10.41811919,9.881976162,9.503273247,8.819342433,10.47655396,9.433908015,9.670649368,8.503020746,9.836425566,9.302302423,10.73732085,10.11748407,10.96503024,7.732901934,10.831121,7.41189041,10.48505213,10.62656201,10.21691633,9.455913537,11.01630942,8.806255409,10.2851922,9.9884189
case,11.8608137,9.825512282,10.76429703,9.468944623,9.236867769,9.18978483,9.929702277,10.21691633,10.25362586,9.970345062,9.382411715,9.215114367,9.425821713,8.995576944,10.32452063,9.87142615,10.95698762,10.2514909,10.19293631,10.39709071,8.256310402,10.10460734,7.51351383,10.69209142,6.689211071,8.420981966,10.12145684,11.88563896,8.639844857,9.5760814,8.698364906,7.948074862,9.455913537
case,10.36897307,10.15335687,10.56301466,9.827177251,10.36238293,6.628080004,8.888752046,11.2524592,10.18672538,9.933155977,9.872276648,10.20467131,9.609391984,9.807873017,8.934372198,9.561658097,9.678683113,10.79163821,9.466057671,11.08532643,9.484143397,10.63702303,7.765408403,10.48623362,6.215726118,9.090249155,9.268323467,10.37769002,9.265178196,10.25043392,9.367271953,9.677094474,9.696602707
case,9.468944623,9.520425522,10.67041142,8.517645166,8.866431371,6.550825961,10.11836743,11.12840218,9.791341833,9.834734897,8.787147756,10.0989803,8.853037601,10.14025086,7.63670779,9.892583881,8.90417252,11.05307238,9.906530955,10.6774656,9.894219083,8.993592368,8.472007364,10.36238293,6.581880505,8.575622219,10.90720887,11.36515132,9.091936681,10.95698762,8.291410629,9.508387867,9.40326451
case,11.17836915,10.16653634,10.88012728,9.500589194,10.41124746,7.074853004,9.438539932,10.52441929,10.03326135,10.55045432,8.555187384,10.00213604,8.556393344,9.132610989,9.471483253,9.948237075,9.877465951,10.38933881,10.59795131,10.00490975,9.721314833,10.32921039,7.993638689,10.3667271,6.273646443,8.561303963,10.49963156,11.73981734,9.048166128,11.55705392,9.356962364,10.88560651,9.774072473
case,10.936306,10.51466692,10.28729169,8.889226591,8.819776533,9.004348803,9.115248015,11.07687091,10.46324368,10.1086343,9.008486029,9.133173015,9.819792673,9.639003151,9.738876089,10.61117032,10.00595004,10.26566936,10.8265029,10.9933409,8.21366321,9.229118751,7.948613635,10.06107724,6.570648069,7.900870516,11.71478698,10.91180184,8.53748623,10.76138953,8.292132921,9.218079382,9.857749609
case,10.95864557,9.882801443,10.54316728,8.481669052,8.876171002,6.776272089,10.30669014,10.26452321,10.53300699,9.648324342,9.475793256,9.042741492,9.835540896,9.15826924,8.457476236,10.10957392,9.171965237,10.44412925,10.58295929,10.75119344,7.970708297,9.30668638,7.663162044,10.32224097,6.619556276,8.476201948,10.48142686,10.75684439,9.262882809,10.39385152,8.139433455,8.755770028,9.105191304
case,10.10561576,9.341316438,10.5854947,8.72573061,9.553741514,6.412021053,9.062873681,10.00013933,9.376490077,9.896732811,8.951217994,9.461188343,8.274558991,9.86360847,9.320503389,9.927088115,9.87142615,10.92585578,11.13554929,10.35747928,8.539824557,9.498544707,6.942993375,10.51935572,6.641297851,8.814930833,10.97137041,10.63837049,8.793747824,10.60441306,7.116491274,9.811281375,9.231544641
case,10.56945911,9.441857787,10.3234228,8.148345695,7.574300311,6.501553129,10.27651461,10.595287,9.402003502,9.431992443,9.562349663,9.479336484,8.428777627,9.288096339,8.45591527,9.802066842,8.708977189,9.603282915,9.954739947,9.550115065,8.181265592,10.54190716,8.306340062,9.651271027,6.618066391,8.778294051,10.98842043,10.70937,8.919072133,9.948237075,8.062854792,12.00855023,8.518758377
case,11.6335507,9.425191984,11.31951038,9.201212641,8.293871247,8.157178562,9.652072016,11.31724885,9.475147892,10.08160314,10.00893224,9.479336484,8.698364906,10.83728009,8.363446509,9.974887257,8.587638282,10.72434708,9.073941541,10.87419976,7.742703748,10.71079031,8.532704721,11.07687091,7.216407551,8.967117489,9.992842686,10.72994965,8.853528269,8.78621454,9.74782601,10.21393392,9.634387892
case,9.476475631,9.09254807,11.10044407,9.606306907,9.208841452,8.679079979,8.849148334,10.774032,9.611790263,10.39492788,8.64449647,10.20245719,8.694416371,10.40774494,10.37879473,9.908448257,9.557304957,10.62406416,9.995507031,11.00975599,9.770698223,9.603282915,8.007399066,10.77141048,6.927485307,8.904697812,9.636669896,11.57493572,8.724397865,10.91655882,8.659064015,9.600280324,9.433908015
case,12.33194583,8.938543178,10.94553638,9.160104781,8.916156107,6.882674243,8.593096077,10.627914,9.474378277,10.18882954,8.411247732,9.828938082,9.002403208,9.235689469,8.730831471,9.781570393,9.992021782,11.05307238,10.87708488,10.58163185,8.61999186,9.049806184,7.313441769,10.98365137,6.565319836,8.886678531,10.85624085,11.40816689,8.947179549,11.52471506,8.270134282,9.059022456,9.055825437
case,11.03118907,10.23073957,10.52189275,7.940640979,9.270129594,6.439537684,8.569893381,10.3765723,9.570926478,9.779140884,8.988936077,9.093103278,8.672881552,9.656740668,9.807873017,10.09513139,9.151409477,9.938169552,10.62161891,10.01499592,8.388832272,8.911118127,7.264325897,10.26986604,6.221775573,8.626283985,10.16141494,10.83728009,8.71376943,11.41015371,7.703616851,9.572462121,8.844275827
case,9.604806619,9.028192771,10.2436437,8.489932905,10.2634491,7.636472532,8.483265467,10.02093872,10.06588248,9.271314701,8.347543134,9.324286586,8.887505145,8.191686917,8.836061339,9.159518542,9.483486594,10.41697526,10.15129838,9.270767772,8.557617494,9.962055883,7.74088008,9.848415366,6.900596678,8.616606582,8.714205121,9.850004798,8.396372621,9.922550823,7.43805778,8.21536395,8.633212091
case,11.06348563,9.53817419,9.953795648,8.081952112,10.50230532,6.633032654,8.736264909,10.8163821,9.218661004,9.557304957,8.673338454,9.2058843,9.438539932,9.768059219,9.273671688,10.24821851,8.971233484,10.37329863,10.72579822,9.764039237,8.020018744,9.281614724,8.010239676,9.748647972,6.598208115,8.729515726,11.54045407,10.45972174,8.311193169,8.886678531,7.996970386,11.86924,8.694819684
case,11.15017904,9.587030596,10.2338962,9.003897193,11.00975599,6.685719841,9.336812743,10.12925034,9.903009423,9.536080798,8.824448278,9.130898328,9.326197821,9.112908361,8.766328009,9.532567947,8.95278836,10.77839988,11.40816689,9.218079382,8.701962577,9.105704606,7.56260566,10.13716787,6.435639802,8.845699123,10.42395037,10.29594093,8.205619129,9.939995473,7.601435614,8.814391841,9.026558843
case,11.10376112,9.547274856,10.12636636,9.457128301,8.934372198,6.566396479,9.391814897,10.45633581,9.675444073,9.824715613,8.580999644,8.865936771,8.440508079,8.890661053,7.822305661,9.722128248,9.225640931,9.867165243,10.21181123,9.341973947,7.906705335,9.374536412,7.854461003,10.41811919,6.644605551,7.953720597,10.56437088,10.67855935,8.663943006,9.215745824,8.852039666,9.53536896,8.79234107
case,10.95546431,9.832168913,11.37133818,9.562349663,10.13523636,6.814196186,9.352472057,10.85925995,10.70123018,10.46086979,8.358071144,8.796979642,8.309097744,9.443164413,9.453765715,10.07975759,10.29162753,10.35747928,10.24037918,10.53567618,9.587691762,10.59148924,7.51883101,10.89019784,6.875688507,8.954914763,9.349328117,10.58912678,9.641427775,11.23311606,7.815108956,8.692701952,9.345935095
case,10.90720887,9.247993069,10.01499592,8.164205154,8.042191615,9.947373373,8.729028868,10.75846471,9.161270021,9.557304957,8.465477641,9.212203476,8.425430768,8.696105372,8.284557249,9.431295652,8.532704721,9.722128248,9.635123405,9.722826543,9.137088943,9.206557508,6.934304005,9.806311435,6.890440039,8.155899112,9.895053803,10.18973611,8.329761688,9.787241302,8.18061334,9.664444306,9.067245762
case,10.34618664,9.487549731,10.54062603,8.183570291,8.253316042,7.940354783,8.811731062,10.32224097,9.733166762,9.451794384,8.559681484,8.307735705,8.367334096,8.991424904,9.036796076,8.895725811,9.354470374,9.352472057,9.279722673,9.150796494,9.099939899,9.367271953,6.865561251,10.14640455,6.653201604,8.060695065,9.121900852,9.842467639,8.123013689,9.542415835,6.513030477,8.31084349,8.444714991
case,11.60479495,9.453109158,10.35625859,8.181906905,9.359512655,6.344206103,8.948644679,10.44789506,8.882636233,9.701099303,9.222249839,10.03699098,8.365863915,9.172534536,8.357700663,9.492020835,9.319195443,10.18772989,10.09109548,9.344660697,8.872259484,10.61783441,8.180251401,9.749455849,6.619429752,9.282270894,10.89648131,10.55650403,8.769809479,8.692701952,7.465442675,11.43746197,8.573601013
control,10.45669058,8.199029928,9.155138906,7.705584693,7.317836352,9.512806516,7.844150427,9.900328321,8.543655858,8.574069571,8.047508951,8.738440758,7.680944563,8.364319032,7.638686077,8.984081079,8.13579949,9.525025629,9.378873813,9.191840208,7.670303275,8.417616712,6.851853985,9.101094381,6.632651347,7.998801212,9.635569739,9.482361863,8.065893326,8.888690643,6.045931076,9.38945378,8.081928674
control,9.287554499,8.39912592,9.060547365,7.447376665,7.337114208,7.703671433,8.10847843,9.613727875,8.930302958,8.711635356,7.978110286,8.54107375,7.556004381,7.914393365,7.666975211,8.806960358,8.428700644,8.817094281,9.049912504,8.690396417,7.455873166,8.45435551,6.608805439,9.106835719,6.759170512,7.272039829,8.852820387,9.137799202,7.933071183,9.251318866,5.955143961,7.692721515,8.121362808
control,9.477937708,8.420780072,9.32326433,7.716164201,7.094695103,9.049301363,7.975887765,9.775966237,8.674728995,8.887383498,8.0071502,8.769158773,7.669493594,8.153966217,7.804925935,8.413005546,8.436059566,9.273119858,9.736404763,8.788177608,7.569718437,8.441346848,6.338642031,9.4187442,6.708899284,7.849889591,9.725405608,9.573410964,7.986634194,7.875692674,6.261743154,9.007260931,7.877788762
control,9.293884208,8.564892089,9.548785561,7.725686837,6.992747279,8.52347964,8.707597422,10.12583837,8.677962283,8.753936573,8.76029026,8.097732923,7.486778625,8.925845243,7.743652638,8.670329741,7.6519742,9.105388798,8.381669506,8.865662112,8.489278557,8.967987881,6.676289036,9.186330061,6.767079912,8.294532633,9.409276415,9.09099397,7.673167563,7.119541492,6.397356174,8.125049072,8.047131877
control,8.944721439,8.243576193,9.599347646,7.595732485,7.094695103,7.988709163,7.883574296,10.10006026,8.396217775,8.976772093,8.230186462,8.72081057,7.698332046,8.531502593,7.796979168,9.132028695,7.773316402,9.287554499,8.946103481,9.289831352,8.348710177,9.056875318,6.444615166,8.908721124,6.58914389,8.141280839,9.435782453,9.554257457,7.534430951,8.687524131,6.155045191,8.134341162,8.511066134
control,10.46644261,8.617277754,9.356153565,7.572315241,7.384540827,8.067773276,8.292396066,9.574382836,8.336570586,8.965203177,8.171463413,8.658279258,7.703953817,8.54410783,7.638170756,9.305992647,7.859796605,9.068444982,9.787159745,8.824455702,7.208605536,8.3607768,6.921342776,9.127539721,6.531010321,7.823908657,10.15571459,9.621586809,8.048238057,8.885529277,6.18823918,9.759410329,7.779948682
control,10.06510562,8.854763281,10.10855118,7.657175626,7.769733662,9.450919635,8.272329381,10.11791936,9.370370909,9.127539721,7.990364689,8.057055793,8.098815135,7.987676018,8.310475975,8.172716257,8.338841598,9.369612961,8.912623008,9.041703431,8.538461024,8.886255368,6.672138715,9.664588989,6.475750614,7.520922431,7.796717331,9.723317423,8.083055649,8.482447442,7.26752493,9.356153565,8.51163436
control,10.19623539,8.518091107,9.830929205,7.64075242,7.194568938,8.085897901,8.282283908,9.724366263,9.204422259,9.069934983,8.359918451,7.804369678,7.911118445,8.222229107,8.165407488,8.644051525,8.187389494,9.182462586,9.155138906,8.699610103,7.318191717,8.412108103,6.4444812,9.563736596,6.501787443,7.351064129,8.729876543,9.474436405,7.673964008,7.406997762,6.949260256,7.372558424,8.231518509
control,9.266026403,8.563929394,9.485099283,7.187759694,6.904920813,7.928758818,8.377612913,9.646406775,8.72140608,8.648386846,7.843810239,8.449452248,7.971983801,7.986972254,8.54107375,8.944721439,8.489278557,8.755745087,8.984658623,9.109113946,7.515262118,8.518533907,6.708756517,9.280393766,6.648121815,7.538125724,8.897169194,8.930963956,7.653290926,7.619523189,5.895391023,7.86326284,7.767128042
control,10.00699996,8.25981408,9.180274122,7.52932224,7.173877297,7.960324641,8.206218508,9.414436712,8.497619732,8.828807972,8.302223484,8.479530111,7.722859671,8.339299109,7.893327873,9.324198289,8.056343159,8.790677451,9.875266489,8.677962283,7.045746371,8.365199567,6.70780445,9.338741831,6.556174816,7.944729894,10.26738791,9.645377442,8.061421195,8.964525727,6.497763682,7.919780188,7.777600095
control,10.02489268,8.243197608,9.714709775,7.500005563,7.335783162,9.353445592,8.093344792,10.10407138,9.160467168,8.946724508,7.902261153,8.675819744,7.428579972,7.993784751,8.175845058,8.219806827,8.069655422,9.474436405,8.868753353,9.190221865,8.196196716,8.525974853,6.899838025,9.392091943,6.810913903,7.505816854,7.752945586,9.416161893,8.052823894,9.089443158,6.515307873,10.33506836,8.640741402
control,10.29588486,8.77092975,9.763788928,7.628654926,7.797815663,9.066949426,8.465962232,10.32628508,8.810510626,9.40597102,8.246902338,8.639642807,8.083374503,8.253627342,8.163025193,9.346010678,8.089605796,9.386334028,9.215159257,9.338741831,7.596213966,9.057712124,6.979844756,9.53566655,6.496056359,7.569718437,9.590827162,9.624603928,8.037843788,8.355854786,7.897158529,10.1433385,8.32875315
control,10.40486142,8.250668805,9.537355419,7.472848247,7.323133855,8.126498891,7.93772412,9.40597102,8.558310156,8.914600991,8.009180977,8.529993567,7.573109598,8.657780194,7.871065298,8.334913554,8.289559714,9.137799202,10.09350274,8.68292502,7.15285292,8.229281749,6.726590254,9.275550624,6.616497997,7.662480823,9.336280083,9.441924093,7.948026863,8.229724025,6.148840306,8.837394797,7.759406692
control,9.012279708,8.70536613,9.485099283,7.447151499,6.599242863,7.418466121,8.260024957,9.892596049,9.463530458,8.750369712,8.529275804,7.579497916,7.84096243,8.374308478,7.462132558,8.260024957,8.265832739,8.458502,8.536072666,8.953210903,7.921183318,8.776432685,6.862825151,9.549718294,6.276320086,7.791145356,8.322505316,9.267570152,7.366915815,7.802904621,5.798429792,7.40153912,8.294966185
control,9.103853282,7.919465719,9.232112798,7.484664738,7.66721019,8.308783433,7.838360623,9.9295021,8.516091519,8.970658026,7.77178652,8.77092975,7.798969648,8.211963748,7.504045039,8.557307242,7.908665466,9.288274566,8.963862525,9.34197789,8.074072975,8.213233118,6.632081343,9.438448048,6.805566145,7.785256345,8.924526612,9.012279708,7.513385796,9.175541227,6.019161253,7.759406692,8.328341937
control,9.524118712,8.432440715,9.213713176,7.712673481,6.917767208,7.779948682,7.816309945,10.21312911,8.934908335,8.563929394,8.415840647,8.199029928,7.727090909,8.566377725,7.584138029,8.434667881,8.080450645,8.978811196,9.324922419,8.994351878,7.85726357,9.032459602,6.671338351,9.272317975,6.376812763,7.951405494,9.654200165,9.379771301,7.646518153,7.544309625,5.89993728,8.27682996,7.825754794
control,8.888024718,8.543168614,9.287554499,7.670016078,7.248535303,7.383934778,8.027378161,9.641994198,8.810510626,8.711061276,7.986280572,8.504442233,7.876871164,7.887424669,7.988029578,8.620389298,8.40495145,8.998474208,9.478796647,8.798505362,7.49010915,8.182833682,6.545859648,9.357844049,6.59844143,7.425150661,9.253662139,9.490611909,7.365005794,8.715179967,6.250910109,7.809318824,8.119200055
control,10.05371077,8.821875621,9.914221181,7.999490378,7.581443688,9.422531947,8.425488384,10.08035461,9.138519405,9.27698941,8.239155727,8.435123096,8.152797804,8.302223484,8.048238057,8.547305444,8.649460505,9.490611909,8.85154082,9.328247918,8.995714865,8.695488704,6.810738871,9.781610909,6.325171637,7.515957311,9.003772138,10.09350274,7.89109454,8.308346521,7.906402444,8.970658026,8.519003012
control,9.859766412,8.513118571,8.994351878,7.68472309,7.054812092,8.372258846,7.995717505,9.750345833,8.403590843,8.413975606,8.094427764,8.496654231,7.851422013,8.5405678,8.234732826,8.858310162,8.083374503,8.841981227,9.477043604,8.988751649,7.454010013,8.10293684,6.714619553,9.264235988,6.427238136,8.029449199,10.03631426,9.268391361,7.977524224,7.872607402,6.343731031,8.341463784,7.81924095
control,9.66997667,8.614553703,9.933096397,7.62510865,7.195601471,8.895909123,8.486924305,9.730858915,9.094604507,8.957647018,8.355363669,8.518091107,8.203321913,7.648273023,8.124614969,9.155912982,8.518533907,8.414505124,9.142193558,9.087990602,7.503160059,8.617277754,7.184566697,9.573410964,6.690938101,7.647520693,9.253662139,9.4187442,7.886757721,6.78416877,6.440791619,8.420297838,8.071475973
control,9.594674314,8.449908757,9.005882674,7.541286934,7.053174817,7.407978154,8.285252574,9.64092858,8.63006817,8.586197314,8.318507544,8.423656971,7.656924894,8.425035751,7.98110164,9.219697679,8.15047282,8.965203177,9.698094626,8.941373432,7.119541492,8.409080379,6.981820122,9.175541227,6.742434719,7.951405494,10.49512228,9.479718704,7.921956093,7.527964991,5.926930735,8.157892949,8.008237394
control,9.288274566,8.18664595,9.377239464,7.626873619,6.808259758,7.407600748,7.884215869,10.2801011,8.199392527,8.893172488,8.11806179,8.554776066,7.673439565,8.642405699,6.977293874,9.135552228,7.285011736,9.442803467,8.72747666,9.0706334,7.411295849,9.279620872,6.880549884,9.443545158,6.581653988,7.99001672,8.645111453,9.441169418,7.69246078,7.384540827,6.298195777,8.428700644,8.355363669
control,9.566488202,8.87742894,9.650275004,7.612501875,7.330292982,8.56952074,8.113187873,9.981185935,8.732766998,8.921915205,8.049554552,8.501571525,7.828166108,8.05245136,7.992070297,8.853502855,8.209894003,9.094604507,9.03811318,9.144621126,7.913468714,8.353215214,6.916948747,9.292282221,6.501331562,7.477901552,9.243418542,9.53566655,7.627867102,8.41537358,7.176297788,9.52316236,8.110850579
control,8.820659702,8.222625627,9.168020168,7.760536501,7.261519541,8.784428098,7.665336012,9.995963848,8.58826844,8.715719599,7.854416913,9.338741831,7.895566551,7.724232707,7.983175514,8.855367162,8.022848544,9.504239895,8.744321149,9.093857592,7.835615409,8.340688083,6.579086916,9.196191107,6.473893129,7.727942946,8.72081057,9.255264439,7.458194976,8.263881884,6.744985064,8.812813489,8.570463021
control,12.34419261,8.508221574,9.575298515,7.377891292,7.591648638,10.02227993,7.926235184,10.24028864,8.533646153,8.532096249,8.074821013,9.164931151,7.586344189,8.567405386,9.074140807,9.327337874,7.943694425,9.295545137,9.671066791,9.22118492,7.75156023,8.733369195,6.776475022,9.179494886,6.553861419,7.738566477,9.321579249,9.644170473,8.123512668,9.007967332,6.664538091,10.53648915,8.357626355
control,9.308500174,8.686995959,9.414436712,7.512691173,7.320102453,7.591411821,8.70421619,9.967553963,8.909311011,8.750918107,8.461223916,8.31136169,7.524000022,8.721925675,7.73131605,9.232112798,7.963404315,8.644051525,8.895909123,9.049301363,8.612956452,8.943310289,6.824601588,8.878000508,6.469052112,8.115840071,9.685580294,9.209151639,7.838991293,9.581950052,6.178069458,8.135442824,8.124614969
control,8.611344085,8.681791628,9.407558467,7.567482766,7.30481024,7.543363092,8.344687284,9.382355028,8.829898854,8.811090519,8.182833682,8.428700644,7.917929505,7.611985553,8.754500704,8.782702446,8.544563533,8.558799181,9.505181562,8.79603918,7.523500494,8.205779308,6.729603477,9.33465456,6.609802393,7.076963297,9.568346757,9.312575953,7.528220616,8.394765127,6.313036431,7.058925392,7.996389358
control,10.67750812,8.572026687,9.550605159,7.728501088,7.417002685,8.995714865,8.314079636,9.985991114,8.54107375,8.902268396,8.113561428,8.798505362,7.698332046,8.54679309,8.113931,9.238530359,7.81389182,9.212168475,9.852860814,8.888024718,7.873860607,8.501571525,7.126756988,9.37299299,6.573911531,7.888596353,9.790583179,9.684583831,8.135098353,7.047315959,6.997926712,10.91642759,8.038523403
control,9.04027277,8.858310162,9.59378497,7.494693452,7.20514833,7.813572854,8.003741503,9.78271588,8.865662112,8.728673451,8.063641748,8.616184525,7.995717505,7.916028846,8.525974853,9.014238287,8.433797257,8.729326863,9.333742063,9.106835719,7.710218237,8.550740916,6.716237443,9.100243908,6.62284049,7.653020886,9.000499774,9.387958412,7.403151634,8.641857125,6.547844226,7.577812847,7.98110164
control,9.758245906,8.019901455,8.958936648,7.729660771,7.328909154,9.054035573,7.654628703,10.00951908,8.49574252,8.955675854,7.795815082,8.9061341,7.750476697,7.899399709,7.782292058,8.151998291,8.024845565,9.586735996,8.944721439,9.468193441,7.728501088,8.059975163,6.482178045,9.212168475,6.797497731,7.630938925,9.302786163,9.308500174,7.291265335,10.2213111,6.357343845,8.681791628,8.381669506
control,8.736741755,8.445056567,8.855367162,7.381958007,7.062877832,7.207876443,8.377166356,10.05497025,8.833618544,8.632780442,7.915717907,8.418073183,7.736105164,8.056680547,7.277502445,8.86083868,7.984879419,8.794807048,8.913321685,9.13489191,7.836802195,9.03380443,6.764196162,8.974685891,6.503920539,7.50513427,9.621586809,9.277807983,7.770321614,7.888313974,5.703568157,7.643390741,8.15711581
control,9.806276824,8.662098605,9.287554499,7.821774363,7.258295329,9.042470978,8.350856178,9.928427003,8.595450037,8.556767854,8.233502496,8.171092093,7.765651349,8.533145827,7.5987651,8.843240182,8.148628013,9.221990018,9.171000756,9.192649434,7.469556515,8.936860967,6.699401614,9.241058259,6.674421525,7.99844219,9.975045883,9.477937708,7.838707795,7.958237266,6.623060015,8.848258568,7.900295963
control,9.041009152,8.387188124,9.295545137,8.005452739,7.059382913,8.586744724,8.315837722,9.993531334,8.66372963,8.779732159,8.136621967,8.447938963,8.018915784,8.271963626,7.875692674,9.419726374,8.312268528,9.241058259,8.306661982,9.341205429,8.52299643,9.057712124,6.822064544,9.307658775,6.477026402,8.094059726,9.893222345,9.481425298,8.03366248,7.956515831,6.747416839,9.801925843,8.275252618
control,10.71141051,8.4684736,9.4312022,7.639486928,7.185225708,8.963056809,8.3607768,10.12304892,8.799751698,8.711061276,8.172716257,8.403153843,7.985260792,8.352808115,7.97782726,9.301943453,8.38623121,9.486050501,8.801605689,9.267570152,7.851422013,8.921915205,7.29641019,9.474436405,6.586944769,7.791145356,9.285967996,9.329004445,7.815746015,7.882946873,6.58429354,9.748032768,8.068159945
control,9.872983252,8.641857125,9.275550624,7.541517556,7.114043554,8.187018984,8.104009279,9.627360404,8.98146263,8.518533907,8.126498891,8.225457725,7.657670833,8.134341162,8.027718457,8.812293659,8.669170812,8.553316261,9.144621126,9.013605495,7.372170303,8.598661147,6.657015511,9.186330061,6.644587624,7.773036931,9.487879304,9.207533871,7.680130114,8.688766194,6.246215368,8.530508461,7.899681204
control,8.392392186,8.315391096,9.266026403,7.177186829,7.207727193,8.533145827,7.838707795,9.276254062,9.060547365,8.70421619,7.78316413,8.532610666,8.340228753,6.989011241,7.546637774,8.374942682,8.811700247,8.950592731,8.885529277,8.858310162,7.52932224,7.967972057,6.556263648,9.675177059,6.933105459,7.482153386,8.607512782,9.075493569,7.715148365,8.267240099,6.01285253,8.252383734,7.97656549
control,9.392091943,8.685879484,9.577383251,7.566975678,7.37953401,8.028704702,7.983520546,10.28143156,9.043841871,9.02115742,8.199029928,8.280543103,7.856990641,7.971336059,7.844753279,7.914060423,8.293259062,9.40597102,8.825036246,9.138519405,8.216904245,8.905467452,6.516422602,9.367201246,6.781089418,7.610307766,8.871881509,9.42517304,7.836517333,8.5405678,6.017082712,8.497619732,8.181263546
control,9.271543761,8.434667881,9.250424177,7.513385796,7.257773605,7.930596165,8.086241681,9.695889119,9.089443158,8.655131009,8.049554552,8.347359732,7.712118115,8.016384253,8.049219977,8.498683429,8.453357808,9.056875318,9.741701223,8.548766975,7.398090808,8.365199567,6.662507753,9.346823309,6.732148789,7.474015944,9.013605495,9.302786163,7.427693745,7.504244656,5.723084211,7.853240743,7.942282426
control,11.02451007,8.937465978,10.17192003,7.671097993,7.316250654,8.277663739,8.216460129,9.930652483,9.246459452,8.98607851,8.442671144,8.026567391,7.613997935,8.669170812,8.183911203,8.711635356,8.082676157,8.826927767,8.693846046,8.992285126,7.30946004,8.793139563,6.622817986,9.355280583,6.865052357,7.744447557,8.713960671,9.174015339,7.861046205,7.975282037,6.226427668,8.262248661,7.770919851
control,8.817094281,8.187389494,9.309303446,7.642035275,6.77600714,7.446952271,8.146798718,9.784932351,8.213233118,8.461223916,8.40223758,8.491898894,7.458410288,8.723509732,7.578306346,8.995714865,7.915049928,9.094604507,9.224542509,9.012937677,7.604198379,8.447470866,6.614363863,9.228248669,6.986368341,8.154329418,10.00951908,9.056875318,7.481911268,7.695980396,5.789121588,7.419746676,7.556004381
control,8.617784979,8.534573331,9.18100244,7.658745358,7.229565428,7.299779732,7.810574483,9.708611141,8.960990521,8.797259902,8.123512668,8.53413552,7.960644492,7.776743646,8.174277533,8.75969563,8.301782266,8.910722842,9.244185848,8.536969213,7.551384918,8.497619732,6.686258738,9.324198289,6.616999277,7.467989675,9.23458199,9.229676175,7.678408777,11.24566977,5.960306758,7.177186829,7.984200102
control,8.662098605,8.215749183,8.960990521,7.70586859,7.01643481,7.250655363,8.051337913,9.458889584,8.228851591,8.32875315,8.170729509,8.327498383,7.560867031,8.347824977,7.617226983,9.337906625,8.240377004,9.219697679,9.322462033,8.889990994,7.698332046,8.444121399,6.453547628,8.908098199,6.681810388,7.6853026,9.901553216,9.416961419,7.546199423,7.555763759,5.896563968,7.959966403,7.473551026
control,9.798595054,8.335297889,9.490611909,7.368281355,7.05492096,8.818837318,7.935124051,9.324198289,8.669735285,8.761483475,7.781387834,8.451339987,7.927505323,7.780513561,7.816850308,9.14386948,8.389993988,8.974685891,9.190987922,8.711635356,7.201453927,8.064350156,6.60796741,9.291403568,6.490669365,7.195601471,8.950592731,9.308500174,7.540072018,7.583423985,6.848057957,8.6097294,7.733598033
control,9.029731224,8.723020123,9.481425298,7.847921038,6.993924114,7.623100652,7.880046883,10.0133684,8.794275482,8.711635356,8.230186462,8.26862136,8.006774057,7.890734756,8.391918955,8.310071254,8.408602697,9.266769155,8.917944049,8.8893785,7.894945562,8.757353552,6.629271989,9.452631302,6.757010568,7.618720442,8.350856178,9.575298515,7.94299059,8.935534124,5.957007469,8.682370449,8.151593351
control,10.49512228,8.423189489,9.14533822,6.63757996,7.206791177,9.026995238,8.106249398,9.830929205,8.927140339,8.66372963,8.046318603,8.343314213,7.10066691,7.793801486,8.034668863,9.352622546,7.8861317,8.142017759,8.849554459,9.054035573,6.668980352,8.49574252,6.789562946,9.228248669,6.859728733,7.439176467,7.883247194,9.412710071,7.73745829,8.376220157,6.262921249,7.440492758,7.767400162
control,9.906233931,8.603875847,9.269204663,7.789437241,7.556004381,8.140512313,7.869831488,9.742621777,8.806960358,8.831747003,8.246482114,8.367498619,7.964750775,8.13027689,8.355363669,8.372667588,8.246902338,9.185595289,9.259412415,8.711635356,7.675527545,8.434217364,6.77292121,9.281183508,6.56143237,7.632930332,9.0706334,9.316685862,7.69022158,11.65312439,6.507747337,8.615570946,7.652205866
control,8.836710724,8.825678519,9.327337874,7.757142978,7.512220421,8.042600641,8.069302364,10.08670147,8.77092975,8.818837318,8.207883154,8.445056567,7.906058993,8.220206409,8.33049571,8.978219433,8.246482114,8.549275391,8.683509852,8.887383498,7.764231256,8.875088882,6.661982134,9.060547365,6.56316496,7.858199066,9.426901055,9.4312022,7.615247594,8.593981976,6.915116927,8.265617844,8.128046439
control,10.06510562,8.683509852,9.512806516,7.698102647,7.60979914,9.180274122,8.109670084,10.66816394,8.54000829,9.473530646,8.229724025,9.007967332,8.187389494,8.537959246,7.996061518,9.098033707,7.70968937,9.565536996,9.314231247,9.043841871,8.150852241,8.76330032,6.707036862,8.995095566,6.628304866,7.911118445,10.60365224,9.78271588,7.793196655,10.00825621,7.608499999,8.737290341,8.550740916
control,10.06901522,8.598144801,9.4312022,7.47442427,7.379767062,7.748723624,8.339793572,9.948621982,8.568506457,8.873743538,8.157530318,8.56952074,7.65825905,8.675819744,8.269105045,9.086534221,8.105106028,9.118008266,9.840329621,8.880514696,7.202536989,8.566377725,6.457342602,9.252077856,6.553796947,7.978748776,9.967553963,9.820760515,8.15047282,8.681235111,6.593692376,8.139396477,7.941990466
control,10.24745707,8.78156071,9.561003587,7.872883152,7.344591569,8.656685771,7.920733726,10.15960715,8.680137208,8.899688355,8.35630671,8.880514696,8.012264892,8.303893775,8.124277373,8.997126838,8.214854615,9.034441508,9.483281483,8.932348881,7.702506482,8.514631452,6.784805326,9.390317508,6.570515494,7.437418356,9.409276415,9.696917243,7.546637774,8.936860967,6.4895841,8.222625627,8.242822041
control,9.488728128,6.426133407,9.458889584,6.689118996,6.64031118,8.065094987,8.086998333,9.335466047,7.170317763,8.160620152,6.639315683,8.41537358,6.089973647,9.344448691,6.753709659,8.879945925,5.991775841,9.324922419,6.72439048,8.969977601,6.962628488,8.927808514,6.644534931,9.526979893,6.534529951,8.400352459,7.367879155,8.632780442,6.648017589,6.441678193,6.073393101,6.624336391,7.896210392
control,9.196191107,8.049900736,8.840639444,7.422044446,7.174435379,8.161426318,7.77150805,9.631351014,8.289163267,8.342910519,8.053492179,8.848258568,7.670303275,8.389993988,7.640255315,8.717864905,7.830576217,9.118690123,9.549718294,8.799142914,7.368088042,8.107717342,6.83831685,8.876848674,6.436615041,7.389460999,9.856284488,9.048642233,7.786489219,8.657248381,5.771410689,8.567405386,7.725686837
control,10.23161659,8.776765606,9.648393019,7.665104898,7.537154518,8.242822041,8.14515166,10.21987141,8.221418758,8.960990521,8.572026687,8.672032905,7.700525887,9.061876592,7.732486392,9.254415823,7.722579718,8.913321685,9.32326433,8.941373432,7.80759292,8.98081379,6.35287173,9.176278401,6.298086472,8.200188636,9.795263589,9.547862026,8.199029928,8.292839522,6.62962389,9.310101056,7.996061518
control,9.84609137,8.348710177,9.635569739,7.656924894,8.238355458,9.188762243,7.893642745,10.51953086,8.535141884,9.446165012,8.039856491,9.190987922,8.366093455,8.302643459,7.608248511,8.957647018,7.660105057,9.615646685,8.755745087,9.202817584,8.225457725,8.602844386,7.023859434,9.302786163,6.772207459,7.761082912,9.090192874,9.42598064,7.924356274,10.49361526,7.139437471,9.753772409,8.623007295
control,8.235102866,8.460247906,9.368721814,7.598004308,7.573378579,7.22381981,7.687975879,10.02489268,8.731557564,8.922588544,7.920069378,8.623551309,7.907660893,8.013633725,8.119556959,8.374095421,8.239563062,9.657242943,9.244947457,8.99775904,7.768003218,8.301782266,6.969613998,9.130418664,6.632822819,7.696234945,8.862038934,9.435782453,7.528467566,8.672032905,5.97586377,7.91537787,8.165407488
control,8.739596887,8.210709012,9.190987922,7.604198379,6.800777497,7.774758377,8.188935186,9.568346757,8.78156071,8.51658413,7.835312211,8.30530775,7.61104526,7.971336059,7.838707795,8.521460831,8.321227027,8.964525727,8.909311011,8.792513944,7.79057201,8.797863326,6.992387931,9.11730361,6.604593829,7.702771896,9.267570152,9.126866543,7.800586612,8.684050726,6.20370828,8.19136838,7.938316923
control,9.808590368,10.05120747,10.30454779,7.902613759,9.536571163,5.913960642,9.608022309,11.20819939,10.02227993,9.267570152,9.824128765,9.213713176,8.988086925,9.46625312,8.804010581,9.450919635,7.471080158,9.194908943,10.36835651,10.84923126,9.467231979,10.01849983,7.358911513,9.541194409,6.682175312,8.157530318,9.709737484,9.718937258,8.200996597,10.26462763,7.515730865,9.889519304,8.93418709
control,8.76971306,8.124277373,9.125928236,7.629129677,7.223357377,7.519105677,7.750167649,9.643081553,8.785084083,8.688111151,7.615474901,8.998474208,8.092247472,7.231785784,7.509082799,8.223021106,8.424110524,9.185595289,8.858310162,8.797259902,7.628124812,7.907353756,6.952752002,9.594674314,6.511227651,7.31534793,8.927808514,9.07966789,7.627606238,9.016913366,6.29592134,8.300071109,8.159004428
control,8.963862525,8.40223758,9.357844049,7.667964018,6.979938169,7.655108879,8.045640063,9.525025629,8.800379321,8.760875413,8.280165113,8.416694212,7.909916532,7.883247194,7.880980174,9.029731224,8.427290586,8.804010581,9.493299352,8.536969213,7.229269453,8.005099673,6.637856097,9.526979893,6.737339425,7.406373634,9.651151976,9.289067866,7.371934777,7.039235646,6.040685389,6.965086513,7.948750185
control,9.910776664,8.615054883,9.150646857,7.479039493,7.115485187,8.73219792,8.503931439,9.915383668,8.960241296,8.577233772,8.144763245,8.280543103,7.820103049,7.953763921,8.105106028,9.137065044,8.248943609,8.831110111,9.301185729,9.230501699,7.73131605,8.597607034,6.756683242,9.305992647,6.554085085,7.464669302,9.647410497,9.41011535,7.531894644,8.983415859,6.888514838,9.454425577,8.027378161
control,8.584693121,8.513118571,9.284393027,7.560417618,7.01094897,7.855735657,7.859796605,9.327337874,8.788177608,8.805746367,8.059676811,8.434667881,7.770581041,7.842019373,8.121705516,9.124596058,8.384911566,8.684655672,9.101913377,8.85154082,7.4191069,8.190993272,6.603873508,9.092398069,6.752914629,7.627867102,9.419726374,9.166412455,7.384350188,8.640741402,6.498468402,8.659855079,7.862292045
control,9.617634026,8.245643183,9.205974311,7.490316604,7.174156848,8.206218508,7.725686837,9.61470075,8.350856178,8.40816386,7.713793168,8.833016057,7.252228416,8.465962232,7.996061518,9.307658775,7.420183829,9.025480562,9.169482141,9.226744445,7.510786875,8.507314734,6.642153354,9.123771904,6.717471648,7.600686507,8.879945925,9.109832276,7.331586238,11.55943233,6.482022462,8.425488384,8.009180977
control,9.839242274,8.202929836,9.272317975,7.660646449,7.460546261,8.115084311,7.931894508,9.39886211,8.54410783,8.806960358,7.814824024,8.807569254,7.741158723,7.938997227,8.143530748,8.852206805,8.140853564,9.171000756,9.784932351,8.613442641,7.350861223,8.194573498,6.516316084,9.161971353,6.900689077,7.394853266,9.160467168,9.282085391,7.899075319,8.641295502,6.352843999,8.941373432,7.779094087
control,9.59378497,8.149752796,9.109113946,7.400536714,6.754788365,7.799328625,8.00079376,9.891969754,7.914760564,8.467503683,8.25981408,8.885030182,7.309263738,8.766823682,7.500924442,9.149171721,7.305553969,9.409276415,8.71842086,8.944721439,7.726541828,8.526980905,6.832822578,9.259412415,6.468741567,8.031852796,9.422531947,8.886255368,7.677545572,9.032459602,6.031949191,8.713344204,7.887063211
control,10.32628508,8.66372963,9.520281845,7.078123333,7.376094289,8.019550418,8.30577796,9.66997667,8.913974037,8.741392932,7.875692674,8.725252127,7.781997468,7.785562344,7.971013995,9.004447613,8.326551219,8.87308685,9.315894875,9.003772138,7.292357765,8.51163436,6.743693693,9.293065537,6.634926381,7.16007983,8.384417233,9.376457191,7.797815663,8.515111982,6.097733382,7.991047948,8.068555282
control,10.2213111,8.803357579,9.645377442,7.749585059,7.187612703,7.881668661,7.871986262,10.25883571,8.953210903,8.837394797,8.209509766,8.812813489,7.630710227,8.358092207,7.655108879,8.865662112,8.110513502,8.488811971,8.991606277,9.573410964,7.753237607,8.666989008,6.938334893,9.027642561,6.40723133,7.619271282,9.534878913,9.309303446,7.668479002,10.76813572,6.621237325,8.102177397,8.165407488
control,9.83816835,8.81472259,9.165637005,7.783474235,7.21939422,8.074821013,8.441775195,9.90272146,8.927808514,8.836126585,8.196586492,8.233502496,7.964750775,8.08476227,7.816586549,8.759153257,8.3804124,9.288274566,9.518349616,8.914600991,7.510021203,8.749801406,6.816361518,9.211416941,6.747611734,7.501598963,9.514714151,9.436626669,7.788823869,8.212820071,6.82161336,9.244947457,8.076747049
control,8.579425005,8.208667268,8.973917011,7.580482654,6.591011159,8.176737018,7.862954263,9.620564694,8.487425069,8.40816386,8.044929107,8.2331002,7.723461104,8.612956452,8.043269208,8.87742894,8.055628563,8.939334699,8.47468203,8.947398393,7.741739232,8.867582319,6.780305783,9.367950049,6.627642803,7.970737327,9.942701789,9.179494886,7.471722119,8.651069319,6.185185309,8.142017759,7.725115221
control,9.610934038,8.477677004,9.399708735,7.331766799,7.257951307,7.741158723,8.237910861,9.559985879,8.21934679,8.530999306,8.132135456,8.343314213,7.471509056,8.232327683,7.603698849,8.86083868,8.394765127,8.566377725,9.128312031,8.886831933,7.961346668,8.667561434,6.809499469,8.994351878,6.619941914,7.784358295,9.405129692,9.067664919,7.737704927,8.25653275,5.863727214,7.907353756,7.627100187
control,9.261139889,8.660948889,9.370370909,7.590904937,7.283554855,8.689935623,7.808226221,9.694853783,8.871881509,8.753341615,8.075206351,8.585767266,7.793801486,7.970381618,8.05205254,8.93622845,7.910820297,9.096736258,9.396312533,8.801605689,7.609532822,8.39715454,6.771071175,9.392945022,6.648815755,7.553831549,8.898384695,9.50338545,7.600686507,8.01332211,6.822657027,8.850209849,8.175444307
control,9.522313379,8.53744802,9.210560062,7.835884669,7.173285392,7.820383002,7.983175514,9.824128765,8.527485167,8.63112632,8.030190465,8.592849834,7.816586549,8.121009783,8.049219977,8.665327255,8.274864199,9.349246435,9.188003881,8.902268396,7.70586859,8.465962232,6.592978438,9.327337874,6.573684737,7.496689981,9.318342224,9.46255486,7.692721515,8.181263546,6.294231019,8.261868666,7.777293537
control,8.694950664,8.091149116,9.208316117,7.47331129,7.365779233,7.533038981,8.054217161,9.761467249,8.385795796,8.561955988,7.5902508,8.783256996,8.017820493,8.042258202,8.676929095,8.412108103,7.975282037,9.49590484,9.289067866,9.139301988,7.649044703,8.49131889,6.666375597,9.003772138,6.738439302,7.81183379,9.190221865,9.422531947,7.659271031,9.525025629,5.968330161,7.796979168,8.271559431
control,10.28591687,7.852056086,9.413583338,7.721443087,6.822605557,7.788823869,8.049554552,9.769325321,7.7167767,8.556767854,7.830576217,8.737904478,6.824421692,9.12972783,6.844824662,9.224542509,7.427491909,9.337049225,8.765122849,8.912316607,7.811259554,8.85714759,7.145768134,9.366314016,6.564047381,7.900629648,9.215159257,9.225317015,7.749259673,10.24598707,6.133668419,8.685284553,7.866447274
control,9.775966237,8.747261033,9.610934038,7.626395715,7.257093106,7.741739232,8.188579421,10.16103037,9.061876592,8.787538215,8.214395738,8.363903586,7.755506787,8.455369087,7.956515831,8.520966228,8.482950817,8.979443691,8.809283536,8.962385196,7.664869542,8.860217506,6.926527961,9.534878913,6.400645481,7.777293537,8.922588544,9.72227719,7.745764135,6.99177408,6.782891778,8.387659537,8.040539728
control,9.322462033,8.155541589,9.74479241,7.571397879,7.118724954,8.471299215,8.042600641,10.27723637,8.633358148,8.842588606,8.211963748,8.442257825,7.141996539,8.723509732,8.066676767,8.557307242,7.658745358,9.301185729,8.482950817,9.105388798,7.804110103,9.174741694,6.653062466,9.399708735,6.76624505,8.154730046,8.369397808,9.281183508,7.857541161,8.463194202,6.495814754,9.497799108,8.475736714
control,9.42598064,8.561955988,9.951226901,7.89524752,7.17245338,9.493299352,8.020274605,10.2504204,7.964750775,8.871881509,8.190563058,8.803357579,7.554819276,9.105388798,7.756900173,9.031771295,7.599007381,9.122989349,8.996454179,9.00187075,9.138519405,9.285967996,6.440926587,9.149825525,6.492994371,8.494287683,8.870617782,9.468193441,7.679518936,7.945731478,6.261831377,9.050510225,8.124277373
control,11.23468961,8.519003012,9.662553534,7.579971039,7.485892298,9.632477934,7.874194138,10.15166821,8.402741205,9.069934983,8.25653275,9.024731233,7.802317996,8.565847965,7.994750924,9.045924036,7.794637061,9.173280752,9.446165012,9.112086504,7.600437702,8.614553703,6.745595162,9.346010678,6.646488206,7.899681204,9.073449199,9.515617119,7.860764567,9.293065537,6.821750234,9.531913274,8.231901869
control,9.146872092,8.886255368,9.810716333,7.648499824,7.297836883,8.978219433,8.081195343,10.0921892,8.934908335,9.024731233,7.902949349,8.426884806,7.917929505,8.069302364,8.345549172,8.50684918,8.599758864,9.441169418,8.967987881,9.183949902,8.672032905,8.650506467,6.693469648,9.518349616,6.704633476,7.655353012,7.944004739,9.847073672,7.916952571,8.312726406,6.806004607,8.524485416,8.478557086
control,9.984693994,8.925845243,10.27723637,7.631431421,7.410630337,8.062917535,8.187809253,9.654200165,9.551514484,9.164931151,8.213619269,7.763887986,8.000455862,8.320417543,8.545069323,8.584181319,8.641857125,9.244185848,8.811700247,8.771555062,8.579874196,8.746082525,6.760406199,9.888301682,6.706050184,7.525175144,8.116192865,9.458889584,7.62191359,8.342910519,6.413673178,7.357535115,8.235102866
control,9.045274972,8.211549962,9.153758329,7.81924095,7.193112179,7.959080006,7.928130916,9.915383668,8.780334135,8.828807972,8.076363601,8.541603247,7.623100652,8.450883907,7.81389182,8.834869411,8.186234333,9.486954796,9.112959337,8.986727282,7.406997762,8.627256176,6.625887813,9.087990602,6.594481438,7.809318824,9.596637806,9.410971394,7.484861293,8.670893388,5.958851844,7.374751107,8.303132938
