,logFC,AveExpr,t,P.Value,adj.P.Val,B
ZNF207,1.12674044272968,8.67834410960417,38.4977487394943,2.61503414516788e-142,8.98264228865167e-139,314.812473893361
POLR2G,1.05609459428437,9.87426070310417,36.8594014600704,5.22737299259656e-136,8.97801311478459e-133,300.34464991814
DDX39A,1.78750448430833,8.73831048771296,34.6535290996818,2.7062984292753e-127,3.09871170152022e-124,280.330380288568
SAE1,1.37811613256458,10.1504984751574,34.3796024413073,3.411735763087e-126,2.92982808655096e-123,277.802177884122
CLEC4G,-2.13825952470105,7.68420486165046,-34.2827595629153,8.37626198358756e-126,5.75449198272465e-123,276.906112796486
CAP2,2.1702574758125,8.43110789148611,32.8212258548471,7.43734913614547e-120,4.25788238044328e-117,263.240595459281
ACLY,1.25137964227708,8.40797742411574,32.4389804177898,2.79260712203714e-118,1.25789341677903e-115,259.622859069447
PEA15,1.54476032882083,9.25078358711574,32.4339442793476,2.92959165479833e-118,1.25789341677903e-115,259.575075024009
DCTN2,1.00726702782291,9.32269545853704,32.4094452625818,3.6982600725651e-118,1.41150259436235e-115,259.342578333357
SF3B4,1.76525140853958,9.26053674089352,31.9134317269925,4.20281460071488e-116,1.44366681534556e-113,254.61961404407
FCN3,-3.5360412417052,9.00027073127315,-31.8376274795051,8.68605513147302e-116,2.48638328138415e-113,253.895179648115
CLEC1B,-2.76498375833751,7.19896745653472,-31.6166115219368,7.24069295455264e-115,1.71971435441738e-112,251.779038199881
CCT3,1.29002031397187,8.84141560564931,31.6128153363282,7.50966966994488e-115,1.71971435441738e-112,251.742639676414
PSMD4,1.41470626954477,9.79175804530093,31.3133981702122,1.34086986445993e-113,2.87867999026242e-111,248.86631428255
CYP1A2,-5.00046935719895,9.57096207128009,-31.2343794709232,2.87417255633594e-113,5.48487929500775e-111,248.105435680046
PARP1,1.3283709763323,9.71339695274537,31.0027828179448,2.69691761629508e-112,4.87574316419663e-110,245.871081076149
DBH,-1.53858471423022,6.90501934296759,-30.7339988807363,3.65426664351967e-111,6.27620296024503e-109,243.269984373838
ECM1,-1.01393291933854,7.40112070346644,-30.7116247590872,4.54141028094826e-111,7.42844967383679e-109,243.053079577945
COL4A1,2.1790179627552,9.71335779896296,30.5808754215727,1.61918333643947e-110,2.52813398212254e-108,241.784361073519
NAT2,-2.25676053455,7.79923885688889,-30.0691666854504,2.38966527869476e-108,3.42020843013187e-106,236.799863629654
ATP6V1F,1.13841855043957,10.020386955088,29.9431830096935,8.21043899511839e-108,1.12811431792927e-105,235.568030519514
POLR3C,1.10989347545521,8.3414563321088,29.5849998338168,2.77093017162586e-106,3.66082505366724e-104,232.055926738939
MT1F,-4.07310097065625,10.4288592951944,-29.5568551792425,3.65575176873113e-106,4.65092863910794e-104,231.779343513631
EFTUD2,1.12901385810625,8.57064989561806,29.1698197266599,1.66684893429138e-104,2.04486646046104e-102,227.966872552944
HSP90AB1,1.46916246210417,9.96967421733565,28.9595146959498,1.33759359550929e-103,1.58435655192221e-101,225.888311585503
LCAT,-2.41683016368438,8.23375894838195,-28.9057861432682,2.27889039332807e-103,2.60932950036063e-101,225.356504711313
CS,1.33309156408438,9.22659611519444,28.8469689431781,4.08502637335642e-103,4.52647277176752e-101,224.773969311449
CTNNA1,1.03637743717709,9.76367252011574,28.8061279584853,6.12765093499344e-103,6.57765030053202e-101,224.369252040982
COPA,1.11843942950624,10.2678913735208,28.6291568073453,3.55848875879667e-102,3.70406329892926e-100,222.613455659023
EPRS1,1.21212618167499,9.08193069257639,28.6030581648945,4.61376157182997e-102,4.66125617624586e-100,222.35423592172
SNRPB,1.33677695449792,9.7843840982662,28.4911089954254,1.40676026932028e-101,1.34228375697643e-99,221.24149504433
VIPR1,-1.29536217088229,7.58904081533796,-28.3760054875533,4.43230968059332e-101,4.11486047374002e-99,220.096008879904
SCAMP3,1.14466645174219,7.92813983190625,28.3073104243923,8.7978463346938e-101,7.95279004201926e-99,219.411701340199
HGS,1.45539550722291,9.0712723618287,28.0849712719253,8.11964282623556e-100,6.97274327702979e-98,217.193467005567
TOMM40,1.42940634242916,9.00128089399537,28.0294829425507,1.41499998309267e-99,1.15726784331508e-97,216.639067375984
THY1,2.00988831947083,7.47855038499074,27.9774888879328,2.38183060770313e-99,1.90269491568843e-97,216.119290922596
TOP2A,2.54727470770416,7.47907985087037,27.9445199626286,3.31417779381004e-99,2.58731834584943e-97,215.789561266205
C8orf33,1.19421311386718,7.91789727503819,27.9016402012663,5.09378259634106e-99,3.88825404854034e-97,215.360543873064
PTTG1,1.42715415673853,7.69642126771759,27.8914569724026,5.64133843798088e-99,4.21260815966615e-97,215.258631662075
UBE2C,1.08028702394844,6.84894164770486,27.8822175570431,6.1889668667522e-99,4.52321301857315e-97,215.16615579825
PRC1,1.91312710816146,7.28783147653241,27.8059013377921,1.33078019167073e-98,9.52339574664369e-97,214.401984881339
IGFALS,-2.21451578435834,8.14525710198843,-27.7709575565048,1.88987202537556e-98,1.32483885860511e-96,214.051886995568
HSPB1,1.47816912278125,11.9628497021389,27.6105794483822,9.46752241716387e-98,6.37665480450155e-96,212.443490015886
CDC20,2.47784583406666,7.48656729313426,27.5075374296302,2.66961040443904e-97,1.76348302677848e-95,211.408739689378
MT1H,-2.78049155848855,8.35092974410532,-27.4799569259496,3.52395743534472e-97,2.28392335668096e-95,211.131595877738
SLC25A39,1.28813930005208,10.309778789463,27.3230928614271,1.71185187890768e-96,1.05003771500855e-94,209.553908194132
CHTOP,1.04045039699062,7.88382806416667,27.2737956858742,2.81453721079885e-96,1.69612900334983e-94,209.057593130248
POGK,1.1331414658875,8.6070647421875,26.9985402301023,4.53956573157685e-95,2.55629644065024e-93,206.282033447045
CREB3L2,1.07432039635208,8.67072891356713,26.9906483926007,4.9168185466019e-95,2.72407608186734e-93,206.202348037938
MED20,1.14119523371146,8.61129885365046,26.9837454566704,5.27244177070528e-95,2.87473610831312e-93,206.132642890198
ASPM,1.60036614143125,7.76915993588889,26.9344818494609,8.67971465024227e-95,4.65856559743472e-93,205.635052314049
ADGRG7,-1.01139260538177,7.4031676609537,-26.8533017934027,1.97458902114486e-94,1.04349435194347e-92,204.814585609383
DNAJB11,1.20946918313749,10.1699654572986,26.807723949054,3.13338174627496e-94,1.6307827724931e-92,204.353669376936
MT1G,-4.34707891508854,11.6584460898102,-26.7766396435098,4.29367041576004e-94,2.20130714599041e-92,204.039210584893
SLC39A1,1.26164258147812,8.9810509749375,26.7416019932577,6.12479346797652e-94,3.0939214062499e-92,203.684650244247
PSME3,1.01516541520417,7.37856599744329,26.6451799298309,1.62881362646779e-93,7.88024620692515e-92,202.708326737961
LSM2,1.12663883528124,9.70231586878472,26.5962794299088,2.67572379872929e-93,1.2765432289771e-91,202.212855431413
GARS1,1.24408538816562,9.62476847827778,26.5925537554074,2.778876354342e-93,1.30759455851572e-91,202.175097011905
NUP205,1.08553197252083,7.8966316990463,26.5848878309446,3.00381369345157e-93,1.39433784283867e-91,202.097401518506
UQCC2,1.16485025135625,9.15717998883333,26.4721320774077,9.44390629633456e-93,4.26839712209332e-91,200.953981797718
CFL1,1.15474142035104,10.4966071135926,26.4688827859608,9.76101535837665e-93,4.35442698130179e-91,200.921014634706
PSMB4,1.1078189563677,10.5767883380671,26.3880646079614,2.22015578141904e-92,9.77722449894156e-91,200.100730142182
PLOD3,1.30043766103125,9.29011866733333,26.3070588006711,5.06239601914749e-92,2.20118105389514e-90,199.277952535992
B4GALT3,1.04314631248541,8.04006723202315,26.2745861257109,7.04575348560466e-92,2.98792138556198e-90,198.947962596365
IRAK1,1.23279095875,8.37894851693056,26.245704511945,9.45487448632358e-92,3.91295106753271e-90,198.654386701872
AP3B1,1.15312455338541,9.07295846949537,26.0866897283785,4.78042228375031e-91,1.8874425913428e-89,197.036718406036
NEU1,1.38776952438542,8.52148017986343,25.9958060734212,1.20823968032138e-90,4.6114481132266e-89,196.11116429063
NUSAP1,1.15276212364114,7.1943070506088,25.9379975489253,2.17997443317818e-90,8.05184105157747e-89,195.522075915157
STIP1,1.22412663757813,8.91492111761111,25.8639772384151,4.64308381391277e-90,1.69670137242451e-88,194.767368235437
CDK4,1.17062554967082,8.85779832444907,25.7587166992082,1.36172610608927e-89,4.92371492043858e-88,193.693340567812
FAM20B,1.08491197874583,8.71056015593519,25.7548551036499,1.41657710015095e-89,5.06868993647763e-88,193.653921076066
CCNB2,1.67305379433959,6.90154799601157,25.7018909365467,2.43513845271295e-89,8.44919251017071e-88,193.113133323361
APOF,-3.03302077636667,9.82937451367824,-25.5623751068383,1.015728967676e-88,3.45448416234363e-87,191.687508136267
KPNB1,1.04222910281666,9.39330230427315,25.5439515915966,1.22669345054489e-88,4.1310705908056e-87,191.499130988821
HAMP,-4.32256900587916,10.7823075649699,-25.5399512448391,1.27800758154435e-88,4.26209324524743e-87,191.45822452547
NAXE,1.1596523586,9.7251831361875,25.5175768915206,1.6072610267602e-88,5.25803964468694e-87,191.229406590937
SRD5A2,-1.74297817284688,7.42797235753472,-25.5047891148975,1.83228296986432e-88,5.93763396366409e-87,191.098610473948
AATF,1.01306828554583,7.84348539990046,25.4948251144555,2.0292554757186e-88,6.5144790271901e-87,190.996687417359
GPC3,3.79290984390001,8.34864610972917,25.4597899637856,2.90593625214612e-88,9.24249169085364e-87,190.638245005495
TTC36,-1.14673982919688,6.82347242388889,-25.4556885851368,3.03071460141057e-88,9.55092170261038e-87,190.596277630245
SNX27,1.06959993772292,8.48639602221759,25.4542765652909,3.074902563122e-88,9.60208209484007e-87,190.581828819664
TUBA1B,1.41002577843438,11.0405671485972,25.4042986414861,5.13307724955368e-88,1.56036463293955e-86,190.070316071423
NPLOC4,1.01796907288021,7.4384915554213,25.292912251924,1.60945581500435e-87,4.84954449521047e-86,188.92959058868
GTPBP4,1.04055726241874,9.15886293622917,25.2848717585642,1.74791880511459e-87,5.2209574744075e-86,188.84720896912
LAMC1,1.80125797747292,8.94079948225926,25.2650693703537,2.14192336254693e-87,6.34267823305923e-86,188.644295364685
PTCD1,1.0765912075698,8.3408635280787,25.2006007176763,4.15249068886173e-87,1.21912867660171e-85,187.983479239683
LMNA,1.3822121655526,9.3304202846412,25.146181583347,7.26281417329143e-87,2.09645098195429e-85,187.425423592667
CYP39A1,-1.23606992959428,7.38141481633218,-25.0097934399066,2.9515097448075e-86,8.24263087269413e-85,186.025806482873
SLC41A3,1.06898650878646,8.0880249982338,25.0034802126209,3.14953152033721e-86,8.72471030028897e-85,185.960986205881
GBA,1.28120008209531,8.80792410870139,24.9710502126569,4.3967721991695e-86,1.1986438495355e-84,185.627968460279
AKR1C3,1.71468152615521,11.8848728875046,24.8562210569895,1.43360554003773e-85,3.81739149614698e-84,184.448185111703
PLVAP,1.15806344901771,7.38426586994907,24.8538776074331,1.46862006358207e-85,3.88054609108033e-84,184.424097885481
MT1M,-3.40007896017084,8.35854362534954,-24.8505844356044,1.51927589239005e-85,3.98375014531283e-84,184.390248232398
ZYX,1.04421499108073,8.25038258518981,24.8124954985555,2.24903752163321e-85,5.85260900515916e-84,183.998684905494
CKAP4,1.39663295761146,9.20156109328241,24.526465695274,4.29294106798885e-84,1.07636880062348e-82,181.054938411387
EIF3B,1.05169408456041,9.0265286012037,24.5123738453141,4.96498861809575e-84,1.23585042776514e-82,180.909761614028
CHST4,-1.38384257601458,7.3991043942037,-24.4181335107415,1.31364749760296e-83,3.17773179877898e-82,179.938534660474
MCM3,1.12996698672186,8.30554028264583,24.3501409762213,2.65160671328296e-83,6.32518684731039e-82,179.237444358229
GLMP,1.42052576075625,9.9649386938125,24.3397440746609,2.95232245352254e-83,6.94604632044516e-82,179.130211996865
DCAF7,1.07434357446353,8.61330416321759,24.3267241615922,3.37748361810449e-83,7.89228314842784e-82,178.995916196857
NCAPG,1.61471845509479,6.80211478074537,24.2195037603674,1.02317412169637e-82,2.35879403223291e-81,177.88955586009
NABP2,1.04841748118438,7.69740382060417,24.2032945553512,1.20989443949087e-82,2.77065826643408e-81,177.722235671526
CNDP1,-1.45157205062291,6.73144372549769,-24.0106807832252,8.87887137952072e-82,1.98044955770479e-80,175.732705620836
TUBA1A,1.14249992580417,9.67620273626273,23.9130697668743,2.44008198284181e-81,5.37287282760359e-80,174.723599225854
SLC25A47,-1.75722514736042,8.21863124061574,-23.9023959347572,2.72539615968497e-81,5.94997286411704e-80,174.613218070445
MT1A,-2.85304479372708,12.1571870897523,-23.886129440191,3.22569910882933e-81,6.92517277426796e-80,174.444988580529
PRPF3,1.14136732973958,7.50325636935185,23.8808373424846,3.40751786614443e-81,7.27007693801623e-80,174.390253871659
CAPNS1,1.05278913670729,8.84621149628357,23.8798205074793,3.44360994037688e-81,7.30172848468802e-80,174.379736837714
CDCA5,1.19910714063125,7.26287012950694,23.7758173369535,1.01198396407278e-80,2.08153587819761e-79,173.303721583742
PUF60,1.20273937356042,10.5761339003981,23.5294518429062,1.30387295627129e-79,2.58890381779877e-78,170.752378918244
NCSTN,1.19996252322812,10.1315691822639,23.4506079157366,2.95660073712867e-79,5.83673766209022e-78,169.935178368322
PTTG3P,1.45908794513021,6.90979850166435,23.2744521987593,1.84374807832096e-78,3.46080581914344e-77,168.108197960107
KIFC1,1.18404052346457,6.75814665317824,23.193367360852,4.28379543836279e-78,7.95396612474389e-77,167.266713906343
ATIC,1.0877958425875,10.0400490912431,23.1677013228854,5.59434502644146e-78,1.02762434041853e-76,167.000290008592
TMEM9,1.14363401839062,8.16014410179861,23.088871120147,1.27019744378873e-77,2.28436032430067e-76,166.181805431946
PCK1,-2.26217486301303,8.71045627517593,-23.0194702424935,2.61517301910871e-77,4.60672785673765e-76,165.460985909363
ATP6AP1,1.29645402552708,10.4850830181852,23.002091929702,3.13364476085496e-77,5.46399479874964e-76,165.280454995704
TUBA1C,1.53114357624844,10.1409773612917,22.9893875542291,3.57665332169369e-77,6.2049515959686e-76,165.14846971887
PTPRF,1.03710009837187,9.07808647405208,22.9703236693965,4.36170726000505e-77,7.52887660206901e-76,164.95040224724
RDH5,-2.07609396234166,9.15982259771991,-22.9414103525391,5.89351998352905e-77,9.97253258296664e-76,164.649971768799
MCM6,1.32509468907708,8.47432419424769,22.9033122570894,8.7627887763133e-77,1.46830143642128e-75,164.254048950308
GMFB,1.00842059081979,9.08336356582176,22.8757777977029,1.16724409015375e-76,1.94635118916414e-75,163.967866508611
CYP3A4,-3.93786278777501,9.85901617394445,-22.8391483665133,1.70935927668477e-76,2.8365454663827e-75,163.587104483431
SMG5,1.32022575268959,7.61318483662963,22.7213819439922,5.82970846178362e-76,9.40143125174964e-75,162.362548563376
DNMT1,1.40765416231354,8.35323765700232,22.7062174431519,6.82769266398713e-76,1.09084299073469e-74,162.204824665426
MPV17,1.0730625107125,7.39479742503472,22.7002937841683,7.26244148053353e-76,1.14433424246021e-74,162.143211025697
KMO,-1.52986541146876,8.18346461991667,-22.6711584648581,9.83895851958183e-76,1.54323390478373e-74,161.840146323986
DAP3,1.12652794862812,9.3045370651875,22.6660990828388,1.03716867508968e-75,1.61939745406048e-74,161.787515408981
DARS2,1.01830672699062,7.29441486009028,22.6262117679514,1.57183336909061e-75,2.43209352379561e-74,161.372547551464
AURKA,1.52654796551198,7.3514278643044,22.5778945802103,2.60111061244055e-75,4.00664347701045e-74,160.869798454071
MT1E,-1.71247956235782,9.03829651545833,-22.5741179416691,2.70557072206934e-75,4.14894438853043e-74,160.83049816107
BCL2L12,1.11048948532396,7.6753830020463,22.4887884348932,6.58688607220549e-75,9.83737115566342e-74,159.942406787283
PRICKLE4,1.12468952053542,9.95631967968981,22.4882104960776,6.62670731333287e-75,9.85399983605992e-74,159.936390828223
GNPAT,1.14475440491875,8.37444366440972,22.4743901691224,7.65411985769892e-75,1.12358554321349e-73,159.792526883966
CDHR2,-1.49181474653854,7.60921642283102,-22.4523758415743,9.62969661422216e-75,1.40757480297247e-73,159.563352870585
KBTBD11,-1.70818384966562,7.29228141602778,-22.4481526789147,1.00633584213973e-74,1.46473034650423e-73,159.519386878938
RBM42,1.04074070864479,8.78920189021065,22.4097225040361,1.50258422560796e-74,2.14165013069018e-73,159.119274362208
FOS,-2.53985541890625,9.10285470983333,-22.2228449377667,1.0561819455139e-73,1.43967658049216e-72,157.172918475587
MT1X,-3.20071152346562,11.5626491185486,-22.1595325122834,2.04536529817199e-73,2.77700782577897e-72,156.513263718573
CLIC1,1.30457149728437,9.39229147038889,22.0589832819981,5.84420723010676e-73,7.81122639510378e-72,155.465399181629
MT2A,-2.44832040555937,12.2476819125833,-21.9748904754889,1.4065369447067e-72,1.83705490686978e-71,154.588822316486
CETP,-1.08848025649011,7.69800425169907,-21.9691192949748,1.49393227183591e-72,1.94380960369559e-71,154.52865725087
CNOT11,1.21518814612708,9.61546148084491,21.9642982451336,1.57108938249408e-72,2.03648755806308e-71,154.478396735074
CLTRN,-1.38355752249062,7.49151980606944,-21.9386215601096,2.05439439444615e-72,2.65294915222652e-71,154.210701775943
LSM4,1.25970484960833,9.18435305481018,21.9276509553687,2.30385153582766e-72,2.96394382980075e-71,154.096321610448
CDC25B,1.31817109755209,7.62762980082407,21.8131521547398,7.62046630887101e-72,9.62364035697497e-71,152.902379905556
SEPTIN9,1.08892918995834,10.8253945727755,21.7763177980145,1.11980484372546e-71,1.39873805025344e-70,152.518224857369
ADH1B,-2.61754315737813,9.97399834931944,-21.7718212383396,1.17367925564671e-71,1.46072037795161e-70,152.471327070855
ASS1,-1.76167665170001,11.7920729688472,-21.7465194231623,1.52891110004808e-71,1.8891401541961e-70,152.207428686392
MID1IP1,1.18374288325937,7.58390537511806,21.718576938983,2.04741913022579e-71,2.51174454011628e-70,151.915972709169
VPS37C,1.03829574963437,8.82421211474306,21.6866378275982,2.85877378145961e-71,3.4822297657141e-70,151.58281045997
UCK2,1.05884526755834,6.81315118640741,21.6230656491414,5.55601367598302e-71,6.64979337177759e-70,150.919620128026
TRRAP,1.07786278247083,8.29283631434491,21.616402992239,5.95676083594672e-71,7.10467828870729e-70,150.850110411341
ACACA,1.01880173302292,7.70149149555093,21.5739358644768,9.28558236263819e-71,1.0960816294042e-69,150.407043823894
SAC3D1,1.24984671000209,8.62510476921991,21.5590722657847,1.08465751759366e-70,1.27595841538843e-69,150.25196211213
SLCO1B3,-2.28625429093958,7.7786319195787,-21.5460155485945,1.24329429266001e-70,1.45262445417929e-69,150.115729745382
CKAP2L,1.14104580397917,6.49230945656481,21.5397354881308,1.32766256192311e-70,1.54071652033982e-69,150.050203280279
S100A10,1.51755752176353,10.6526249680336,21.520865666651,1.61720607206704e-70,1.87040500254218e-69,149.853310786693
CTSA,1.25651575789478,9.02585703117593,21.4920329395111,2.18617135713961e-70,2.48658894429621e-69,149.552451977778
CNIH4,1.35335113864167,9.63178747571065,21.4448645717473,3.57990082347805e-70,3.99251926254776e-69,149.060240562132
HCFC1,1.13321796246771,8.27273404188657,21.4327255341513,4.06439172172384e-70,4.51818303046e-69,148.933562070718
RND3,-1.60268715069688,8.39832996382639,-21.3895739007691,6.38203228765745e-70,7.07170351874301e-69,148.483231340766
TLCD1,1.12337997146459,7.14848540846991,21.3707813531889,7.76791942026181e-70,8.5796794882956e-69,148.287104557841
GLA,1.2123353318875,7.86769068049306,21.35131718629,9.5214427471218e-70,1.04492510659308e-68,148.08396382124
ASPG,-1.67316995347189,7.83168972596528,-21.3004165238937,1.62137021426723e-69,1.76806561460569e-68,147.552710111652
CDKN3,1.52798109935625,6.72571973879167,21.2921747350726,1.7673227189845e-69,1.91506420811096e-68,147.466687252718
PHPT1,1.11859524372916,9.09752090167593,21.2334342378359,3.26678980853642e-69,3.48491397277099e-68,146.85356870486
GBA3,-2.27124779500678,9.1340174386412,-21.2229656250745,3.6447891872986e-69,3.86415149949713e-68,146.744296412543
MANF,1.26423374280729,10.4271164992384,21.2063355290776,4.33722282238893e-69,4.57004920089141e-68,146.570707964197
SLC52A2,1.22409408626041,7.49780344344676,21.1645591244995,6.71396309834665e-69,7.00986724705798e-68,146.134626548128
CLN3,1.00464824630052,7.45188166044213,21.0942670044946,1.40052982114275e-68,1.44036525018723e-67,145.400854914081
FBL,1.05821627411353,8.99584736630787,21.0007766062654,3.72401706572413e-68,3.75131924362534e-67,144.424872872742
KRTCAP2,1.18249551467709,11.491891272213,20.9949348900886,3.95868411470557e-68,3.97604676433147e-67,144.363887596288
BCAP31,1.01168851649895,10.415515967463,20.9921722747639,4.07475558315927e-68,4.08069546010265e-67,144.335046905378
TUBB4B,1.12030640782604,9.15337037703704,20.9861047360299,4.34176974084572e-68,4.33545902901309e-67,144.271703924427
SLC50A1,1.07978399038437,7.89423177897569,20.8999091770534,1.06971029059513e-67,1.04092205331282e-66,143.3718403572
GPAA1,1.29655286406041,8.40891034379398,20.8403796429053,1.99399271720994e-67,1.92397892798206e-66,142.750356531082
TBCE,1.06421577278541,7.48116946546412,20.8280644702183,2.26816576840624e-67,2.18239479397071e-66,142.621786806995
SQLE,1.56315486345833,8.25902090341088,20.7737211040441,4.00472154359306e-67,3.81058684272636e-66,142.05444585744
NCAPD2,1.09834676254271,6.85015556785185,20.718669381356,7.12340961321389e-67,6.72222857730487e-66,141.479714010841
TOMM6,1.02054332998959,10.0902944359421,20.7085470508532,7.91911002915073e-67,7.45264190414596e-66,141.374039168162
OIT3,-1.10448583615521,6.38473777807176,-20.6931881094296,9.29942320521206e-67,8.7039560517448e-66,141.213695889359
DNASE1L3,-2.11426279011979,8.67234540199768,-20.6710256917153,1.17258735841431e-66,1.09155489868649e-65,140.982327554754
LASP1,1.1104987611927,10.6229871800671,20.6707166572113,1.17638430643345e-66,1.09212975475646e-65,140.979101349467
TMEM106C,1.32426187552916,8.96266546533565,20.660455247707,1.30969173506088e-66,1.21261215901189e-65,140.871976269164
ZGPAT,-1.39883484865625,7.98548063122222,-20.6535977733408,1.40709702359993e-66,1.29929523550155e-65,140.800387178178
HSD17B13,-2.51069985112552,8.5321342641169,-20.649447493848,1.46953391137672e-66,1.35331071999438e-65,140.757060139801
GHR,-2.21014822988438,9.4864763076875,-20.6434791335631,1.56420997631435e-66,1.43281633830394e-65,140.694753296853
ACTG2,1.71784926323124,7.24185820309722,20.6353503705912,1.7030427253894e-66,1.55583823449803e-65,140.60989314314
MCM5,1.02042856632917,7.93172610653009,20.6310884158857,1.78069017242164e-66,1.62245908282979e-65,140.565400628818
TUFT1,1.12857131174583,7.28800442920602,20.6146398497309,2.11503154425798e-66,1.92199295093285e-65,140.393687303879
GNPDA1,1.06092730216666,8.71391447182176,20.590767555779,2.7150115133055e-66,2.46070304701963e-65,140.144477240514
PYGB,1.13725592010834,7.42267106808796,20.5601486617383,3.74003326008882e-66,3.3807932232645e-65,139.824842385886
DNAJC9,1.03617687698959,7.92243802526852,20.5360554913108,4.81205865668205e-66,4.32707368735677e-65,139.573334840811
TKT,1.62376733581145,9.64561642140741,20.4501686501401,1.18168623872932e-65,1.04615779124619e-64,138.676802862588
CLPTM1L,1.03021202766353,9.25134544061343,20.3726294048889,2.65906787806257e-65,2.31824826424998e-64,137.867467137404
SLC22A1,-2.37737700985105,9.11831466538657,-20.3587969972851,3.07299215580349e-65,2.65887356553778e-64,137.723094746957
PAFAH1B3,1.74937418484687,8.05683081004861,20.3454485502124,3.53341238630573e-65,3.04192269347373e-64,137.583775722264
RUSC1,1.18269773840625,8.3432863364375,20.2418882265491,1.04368107362726e-64,8.83015883721588e-64,136.502985106748
MAPRE1,1.11386884395729,8.63902968623843,20.2348511421725,1.12338413430279e-64,9.45790318953454e-64,136.42954917156
ILF2,1.43465629018436,9.31056012523611,20.2097968002277,1.45987519303891e-64,1.22608099953268e-63,136.168099133305
NPC1,1.12436635787396,7.46284150316435,20.186529544002,1.86201605031873e-64,1.55621049460945e-63,135.92530673186
SMARCC1,1.06830847616875,8.38143354909722,20.162469378404,2.39468510847653e-64,1.98689452840987e-63,135.674249673451
SLC12A9,1.01986250316978,8.11749507218981,20.1581410216758,2.50555806913227e-64,2.07387758252273e-63,135.629086240416
AURKB,1.02468197872395,6.31720780902546,20.1224116147813,3.64044902473909e-64,2.99878714627788e-63,135.256286818219
TAGLN2,1.10670786920416,8.70617648795718,20.062704331882,6.79626672651459e-64,5.48008831116846e-63,134.633355053493
PA2G4,1.09533573244063,8.93024060594444,20.0164612251003,1.10212117834473e-63,8.76339409169938e-63,134.150944136211
PIGU,1.06096685194791,8.3823574302662,19.9308399523345,2.69730342021707e-63,2.11535096996476e-62,133.257857716254
NUP37,1.10571775537708,7.97674859026157,19.9295691618548,2.73336980195817e-63,2.13875290882149e-62,133.24460377193
RCC2,1.06442893465207,8.2726556481088,19.7497948514934,1.78894036600982e-62,1.3595155215141e-61,131.370019522318
HEATR1,1.11135437815104,7.54765669800926,19.6505429304365,5.04534117203319e-62,3.7840058790249e-61,130.335457724508
ZC3H3,1.05346909039375,7.78752945757639,19.6207821017798,6.88474842127285e-62,5.14111104936353e-61,130.025301261811
EVC2,-1.51361598392501,8.01558862625694,-19.5894464498884,9.55029016836223e-62,7.10070275504854e-61,129.698763120938
TEAD2,1.29638673686771,8.21440308287269,19.5794642285026,1.05996118426619e-61,7.83003584506314e-61,129.594748518487
NSMCE2,1.18738858651771,7.4962074280463,19.5393364991559,1.61165301988755e-61,1.18291199216106e-60,129.176651715695
TMEM147,1.08238696346354,9.42546892230787,19.4657396154485,3.47518545075109e-61,2.50257065478616e-60,128.409979459058
ALG1L,1.35699455983802,7.05659308936574,19.4532178860487,3.96046904378218e-61,2.84012759193983e-60,128.279557600459
CPD,1.18791140689478,9.24249631711343,19.4392545775944,4.58192531647502e-61,3.27212338089224e-60,128.134127567232
PARP12,1.11370969861562,8.29927283976389,19.3669457451678,9.74551440909733e-61,6.90223546293801e-60,127.381137488443
ADH4,-3.07179493612708,11.2694796690301,-19.3629291242388,1.01626880033969e-60,7.16813825290933e-60,127.339316211291
C7orf50,1.00928685193959,10.0556150320463,19.2944801292232,2.07580589292835e-60,1.45518229432834e-59,126.626720832094
RFC4,1.01023715720156,7.46291304221875,19.2874395178063,2.23401931650257e-60,1.56290353405017e-59,126.553434665228
ACAD11,-1.23748013148229,9.21227739343519,-19.237988102781,3.74214884790033e-60,2.59158897026968e-59,126.038750545495
SPNS1,1.05764980218542,8.33753402369676,19.1942537137605,5.90497879198526e-60,4.04055819730465e-59,125.58365629243
P2RX4,1.00706983655625,7.42465863295833,19.1753092752786,7.19477606674053e-60,4.9035824978678e-59,125.386549221541
MRGBP,1.25082919926874,7.76825733871528,19.1444284348115,9.92799285140976e-60,6.75300107813714e-59,125.065284803582
ST3GAL6,-1.19337030461771,7.87524739033565,-19.1184258591846,1.30196771601168e-59,8.82102387475368e-59,124.794804676138
TK1,1.06722890231667,7.18656563991898,19.0881249757376,1.78560306327399e-59,1.20265618085219e-58,124.479653254709
ATOH8,-1.03495270839479,7.57515371150463,-19.0712816517643,2.1283046084813e-59,1.42509285187783e-58,124.304489205552
MARCO,-1.18792182397187,7.14372011825694,-19.0365490756306,3.05666815848686e-59,2.0348168845741e-58,123.943327200423
BBOX1,-2.37720425368543,8.64836573206018,-19.0146823813724,3.83896028054525e-59,2.54571979993686e-58,123.715979742902
HSPH1,1.02560610463228,8.5442569844537,19.0050006540566,4.24647394683609e-59,2.7997385810714e-58,123.615326682853
ZG16,-1.41646743496875,7.96783749860417,-18.9689165382499,6.18458276791159e-59,4.06195828064557e-58,123.240231141514
MCM2,1.19324781364479,6.92450493338426,18.9621590223027,6.63567831352416e-59,4.34991507766326e-58,123.16999393912
RAP2A,1.21118350551458,7.7012448565463,18.9316719862938,9.11620415097922e-59,5.94196608322839e-58,122.853143002184
COL15A1,1.05301081775624,6.24769327002083,18.9204541135282,1.02461463690693e-58,6.66581681396838e-58,122.736568198387
SPC24,1.17277454969479,7.45190181764815,18.919799910769,1.03162034841094e-58,6.69870679922796e-58,122.729770005842
HGFAC,-2.44072280049584,8.81894640042593,-18.9161093927526,1.07204769747125e-58,6.94808271851653e-58,122.691420160892
FBP1,-1.9619926265646,11.5740763292176,-18.8574390690527,1.97501632074061e-58,1.2680712264942e-57,122.081848304203
BOP1,1.54078119453021,8.81418977444907,18.8536436938723,2.05463118912739e-58,1.31672726392772e-57,122.042421621156
NOL7,1.03155447253749,9.73142772257639,18.8438994536237,2.27403474951443e-58,1.45461999340448e-57,121.9412012494
NDRG2,-1.10411481781979,9.53024865906713,-18.8139168651201,3.10716130889692e-58,1.97284641331995e-57,121.629783787809
ZNF581,1.03883578172187,7.96924866502778,18.7648691698186,5.17711521747491e-58,3.26300748110574e-57,121.120453918456
IMPDH2,1.06754319440313,9.59716548315972,18.7570276240903,5.61734118637931e-58,3.52108886408995e-57,121.039037133017
LY6E,-1.9780105664875,10.7213761216736,-18.7350955364419,7.0575440102961e-58,4.40775703188493e-57,120.811340825697
TUBB,1.11631780742656,9.36555075472569,18.7320727541299,7.28306579297283e-58,4.54035045351391e-57,120.779960870988
RRAGD,1.44883778520104,8.82260420466204,18.6994777233456,1.02236072760931e-57,6.35046853406506e-57,120.441621347123
KLKB1,-1.70505469529479,9.81957560012268,-18.6789870803191,1.26527033230188e-57,7.81691293427508e-57,120.228959041935
COL1A1,1.71207126230312,8.03913576247222,18.6425372943275,1.84859320623316e-57,1.13594233692503e-56,119.850727693631
F9,-2.11743070704896,10.1699990663148,-18.6370442375893,1.95727875598275e-57,1.20058080835728e-56,119.793734538705
BRSK1,1.46824223178438,7.75702452913889,18.6272336631507,2.16752268699001e-57,1.32481146437913e-56,119.69194967618
FAM50A,1.12204883458125,9.7062267359375,18.5476912033169,4.95604672596742e-57,3.01844335171952e-56,118.866919393821
HAO2,-1.3808266109651,7.69916587251157,-18.5064851911672,7.60558527398315e-57,4.59950447467115e-56,118.439682750521
SRXN1,1.28205474934583,8.06888273027546,18.4981614448238,8.29275766560912e-57,4.98872549586118e-56,118.353393159317
GBP2,1.56960575951563,9.37313963423611,18.4890637533448,9.1149864191379e-57,5.4737724387655e-56,118.25908559999
CDC45,1.01297568488437,6.50682043464583,18.4375129062976,1.55724192445272e-56,9.31903486148974e-56,117.724809653319
RDH16,-2.59116850477292,10.8668785055324,-18.4245790116297,1.78115840111183e-56,1.06220123399638e-55,117.590790421465
ANXA10,-1.81708926765208,8.95319839448843,-18.409929582213,2.07387290053652e-56,1.23461930907157e-55,117.439008991088
PCLAF,1.26831152830521,7.14102565519907,18.3545639159835,3.68523014539115e-56,2.17131484552635e-55,116.865505751342
AKR1D1,-1.24873310264011,10.552538169831,-18.1719985309857,2.44970875920905e-55,1.41662450974463e-54,114.975988843802
FAM83H,1.41593171979687,7.72208109261111,17.8979373321982,4.18770836191277e-54,2.32763401669423e-53,112.144426486457
COL5A2,1.43829472594687,7.58064795935417,17.8645783839082,5.91369546272136e-54,3.26584307306236e-53,111.800198795035
SMYD3,1.24377239036771,7.73980182022685,17.8606545780595,6.15865659893063e-54,3.39566379090317e-53,111.759715866831
PIK3R2,1.39509685972187,9.32538976938889,17.858420946095,6.30260290340875e-54,3.46946169442453e-53,111.736671511746
ASPDH,-1.51174973860105,8.27055296586574,-17.8420125845836,7.46834052074406e-54,4.0980430812709e-53,111.567400208362
LAGE3,1.11629139541041,8.7295539975787,17.8324555298019,8.24419881972305e-54,4.51655868353249e-53,111.468819142503
SF3A2,1.10906116842604,8.89857677218981,17.8231903259529,9.07316259496911e-54,4.96278877606989e-53,111.37325632446
THRSP,-2.1989456727625,8.84189022842361,-17.8181328318828,9.56028059153308e-54,5.22091634847633e-53,111.321095760736
AFM,-2.42795227818541,11.7760819486991,-17.7919178426269,1.25366064527642e-53,6.80303999450947e-53,111.050763961366
CYP2C8,-3.07817093869272,11.9505643873981,-17.7390054942405,2.1661268801358e-53,1.16442031819507e-52,110.505317216074
SOCS2,-1.45137760896251,8.33887040384028,-17.7211423426833,2.60519512985321e-53,1.39390113256165e-52,110.321233433079
PDK4,-1.86911986906458,9.73697495362731,-17.559224342007,1.38618125624327e-52,7.26951544304675e-52,108.6540191515
CLCN7,1.13705855736562,9.84361604897917,17.5496238216979,1.5304924227959e-52,8.01408761021941e-52,108.555246251543
UBD,2.13785816286562,9.89760658472917,17.46652725846,3.60534495810599e-52,1.86792759141691e-51,107.700713145533
GRAMD1A,1.12846565934375,7.23637903220833,17.4422059022986,4.63237880914161e-52,2.39281521945886e-51,107.450735213482
SQSTM1,1.03692413618749,12.5509154463194,17.4234088674184,5.62234919537172e-52,2.88681158237696e-51,107.257579014897
SERPINA11,-1.75761099775522,9.75285781111343,-17.4106747071719,6.41050559867406e-52,3.28658010917095e-51,107.126745211289
TUG1,1.13613298410833,9.84411244931713,17.3827252946768,8.54902638592222e-52,4.35695929312208e-51,106.839646120599
SNHG6,1.22168965057812,9.16221164336111,17.3650387850255,1.02568621654584e-51,5.20418338823481e-51,106.658011348918
SPINK1,3.88008187776874,9.31538813871528,17.2719107208222,2.67465520046565e-51,1.33344566235116e-50,105.702172122415
C1orf131,1.00839004815313,8.07204957425694,17.2709335527533,2.70167630191206e-51,1.34301853792589e-50,105.692147775475
CSTB,1.30479983975104,10.0331690521481,17.2383771042636,3.77619156274178e-51,1.86368074971523e-50,105.358225662624
FADS1,1.75911104274792,7.84052870258565,17.2298099648674,4.12394407858345e-51,2.02079142795066e-50,105.270374597819
TXNRD1,1.11985010791094,7.80940703831597,17.2161049154776,4.7479804801411e-51,2.31666377120521e-50,105.129854337336
RCL1,-1.22667633014376,7.95424044688889,-17.1997517661264,5.61717215207145e-51,2.73300089835204e-50,104.962210310446
STT3A,1.03520709973229,8.70159859293287,17.1912490172277,6.13018085323877e-51,2.96162745863223e-50,104.875056474632
FKBP11,1.09645825798228,8.98935598493287,17.1876002312064,6.3644385120763e-51,3.07048402935142e-50,104.837658649434
CCL20,2.55475905464166,8.09146701472454,17.1736731156966,7.34377902709387e-51,3.53799171922405e-50,104.694928156713
ANXA2,1.06879507845521,7.49243381708102,17.1376184732169,1.06364084410772e-50,5.09568521549513e-50,104.325529300564
HBA2,-1.64944764377033,10.450881323184,-17.0661954840107,2.21459794254176e-50,1.05362104330068e-49,103.594208440711
FAT1,1.10234682023594,8.21012706337847,17.0647310620074,2.24813611179958e-50,1.06809786224503e-49,103.579220064869
C9,-2.59199499140521,8.86060085493287,-17.0595398277785,2.37116531258249e-50,1.12499348739238e-49,103.526089770533
PNPLA7,-1.08768448205313,8.24375116940278,-17.0438646762523,2.78498903994181e-50,1.31769109534437e-49,103.365680023573
C8A,-1.91169744873437,11.5198146681736,-17.0430046005736,2.80967671385338e-50,1.32754326163499e-49,103.356879390929
KDM5B,1.17419480061145,7.70577717349768,16.9679532865239,6.06696674623286e-50,2.84311470304364e-49,102.589267451882
H1-0,1.06158261014895,10.7229483842755,16.9391153629886,8.15365979514172e-50,3.80541051580323e-49,102.29450037833
CKS2,1.0480627062401,8.04102467342593,16.9106221647985,1.09183289441218e-49,5.07502840636785e-49,102.003357727887
WFS1,1.05041800250938,8.15210835725694,16.8622764275748,1.79147779571825e-49,8.3158462544489e-49,101.509594299192
FDPS,1.12164879198958,8.45919432296991,16.814777959821,2.91323623814786e-49,1.33782974305319e-48,101.024772136566
MFGE8,1.20267737626979,8.40301685353704,16.7676696024246,4.71720007340309e-49,2.14616983472048e-48,100.544218073598
C6,-2.02892024689688,10.8703989205208,-16.7495085893844,5.67993526733969e-49,2.58076423853331e-48,100.3590339461
INMT,-1.31969332826042,7.39665716438657,-16.7462146028764,5.87450276286702e-49,2.665642931367e-48,100.325450466132
ACTA2,1.32123361294479,10.3208614381759,16.6420116856159,1.70370253336594e-48,7.60028337936624e-48,99.2638037097076
TFRC,1.5556452345177,9.48666931287963,16.6322264454017,1.88272159378291e-48,8.38483609882315e-48,99.1641839596634
BLVRA,1.06622755722813,7.96300942976389,16.5892101479037,2.9206181801625e-48,1.29282518670853e-47,98.7264065371271
NDUFA4L2,1.15606288883958,6.74921302822685,16.5027132945022,7.05637145053436e-48,3.07596902697786e-47,97.8469016510361
GLYAT,-1.99172786563126,8.1461695839375,-16.3203078828391,4.51851070929297e-47,1.93529729257124e-46,95.995692247295
IDNK,-1.07678883763542,9.28855751774769,-16.253390419234,8.91897873565686e-47,3.78230764901004e-46,95.3177852275981
CLRN3,-1.91064843215729,8.26078611712963,-16.2060403827052,1.44246684009993e-46,6.0351688133292e-46,94.8385162278048
ALDH2,-1.21559430283646,11.1058151423148,-16.1655030911424,2.17640249939719e-46,9.01802483163973e-46,94.4284788208819
ADH1C,-2.50145817838229,11.1578893361296,-16.1357186074536,2.94387655331338e-46,1.21249591854094e-45,94.127369739625
TAT,-2.86720149104479,10.5731554532269,-16.0810629855728,5.12254882905006e-46,2.09475657473654e-45,93.5751867806933
UBQLN4,1.15172829147292,8.9782684418912,16.0750617186602,5.44362734364786e-46,2.22076721204636e-45,93.5145851806705
BHMT,-2.36934010236042,11.3052801973519,-16.0637000614949,6.10754598527942e-46,2.48277165200412e-45,93.3998694015124
CSRNP1,-1.15511957377396,9.3994144143287,-16.0598005259775,6.35357614463354e-46,2.5797321580161e-45,93.3605015418764
H4C3,1.03041459140626,11.9829030259167,16.0296682505119,8.62015929120237e-46,3.4876616213522e-45,93.0563828287523
IGF2BP2,1.53855995137812,7.74367534106944,15.9125477025224,2.81785240320587e-45,1.12550267500141e-44,91.8757154935703
AKR7A3,-1.36513775150937,9.26307339008681,-15.9089624468561,2.92179527108547e-45,1.16566396703584e-44,91.8396090509109
RANGAP1,1.04383437714062,9.14008872797222,15.8809802108538,3.87614505779264e-45,1.54282251141573e-44,91.5578791234077
RPL15,1.34488899427708,9.16791554463657,15.8670777735688,4.46031283102355e-45,1.77328409427846e-44,91.4179559683121
NOCT,-1.0293889935375,8.04069409116667,-15.816335168121,7.44328810350837e-45,2.92871645309866e-44,90.9075275050311
ALDH8A1,-1.10316933746042,8.41358558480324,-15.8139291359455,7.62615418101757e-45,2.99381024134804e-44,90.8833357242994
ACAA1,-1.16543898173855,10.352015470581,-15.8011469433705,8.67554749906426e-45,3.39413504092093e-44,90.7548320659607
UGT2B10,-2.11623809286354,11.1149545159074,-15.7539610479442,1.39600504113335e-44,5.4061751029234e-44,90.280700505158
VWF,1.4000729247552,9.21492431669213,15.75063663303,1.44356321744276e-44,5.58405366206745e-44,90.2473108046267
KANSL3,1.03518394051457,9.45583475837268,15.7491991283059,1.46462548095246e-44,5.65915469861833e-44,90.2328734160738
ACTN4,1.0321845204875,8.89724425606944,15.7145871654609,2.07562250195253e-44,7.96621597118095e-44,89.8853618154219
CLDN15,1.5955681072302,8.39390649250463,15.7093939433422,2.18705736998801e-44,8.38453355570181e-44,89.8332388758025
ACAA2,-1.28247036110312,10.1435237129236,-15.6920607676803,2.60405214943251e-44,9.93879903700074e-44,89.6593049908198
SLC27A5,-1.89394627797916,10.2148520359282,-15.6340937125695,4.66601935266871e-44,1.76711978791808e-43,89.0780082641531
MFSD10,1.08483526204478,8.25355612673843,15.632336821414,4.74919041447422e-44,1.79663756318491e-43,89.0603994430952
FOSB,-1.82591237257708,8.31132288088426,-15.6235286512812,5.18901385698268e-44,1.96086497235814e-43,88.972126021097
BAIAP2L1,1.14377241080417,7.95995100555093,15.5831882780528,7.78350115673825e-44,2.92840377583745e-43,88.5680232405411
SLC22A10,-1.00801016387813,7.17598552439583,-15.55991420878,9.83358057752815e-44,3.68759271657306e-43,88.3350137406363
TPM2,1.23561135755416,7.70170344867593,15.5390308740631,1.21278145626149e-43,4.54297088577777e-43,88.1260235748581
ARL2,1.06984001170417,8.7103807842662,15.5207221993818,1.45746262386373e-43,5.44764321324473e-43,87.9428653464731
TCIM,-1.44956070132291,7.99687951425463,-15.4692595985641,2.44231735571613e-43,9.08923089586662e-43,87.4283712244787
APOA5,-1.78332812514375,9.9480255355,-15.4623867484832,2.61654863555254e-43,9.72710450554436e-43,87.3596977384065
CA2,-1.66078699461355,9.58997464563657,-15.4512354766668,2.9260194251994e-43,1.08540785373218e-42,87.2482931411138
AGXT2,-1.23327629809584,7.86870509047454,-15.4041925253747,4.68785840290165e-43,1.73148318429754e-42,86.7785780137844
PABPC1,1.04887875479479,10.4557201120544,15.3794676476984,6.00465128252825e-43,2.20834873185059e-42,86.5318732599709
LAPTM4B,1.61866189656302,9.18616269958449,15.376074782571,6.21208514295087e-43,2.28219384663489e-42,86.4980283805929
GMNN,1.16864645447083,7.04342821382407,15.3752445297161,6.26392526397789e-43,2.29878026514573e-42,86.4897466874247
PANK1,-1.15053001160731,8.26182025319213,-15.3277394595353,1.00753584781585e-42,3.65844147700577e-42,86.0161090712919
TMCO3,1.06340816113541,7.13724901200231,15.3050451523706,1.26416512127413e-42,4.58059830335089e-42,85.7899952492052
NNMT,-2.21663468172605,9.79336264022685,-15.2806830549589,1.61265486296966e-42,5.81877043518988e-42,85.5473762752819
CYP2A6,-2.49300165955313,8.872809306125,-15.2731967998029,1.73789576629913e-42,6.26408390056403e-42,85.4728449868856
CAT,-1.23145407103543,10.1769155138206,-15.2545972537917,2.0926926473078e-42,7.53500968920576e-42,85.2877202741284
FXYD1,-1.25473895442603,7.84673951526852,-15.2305639529273,2.660203425338e-42,9.51854038128752e-42,85.0486135953265
DNAJC25,-1.00702291970418,7.95309122159491,-15.2184636508825,3.00167601750232e-42,1.07291957545478e-41,84.9282713836952
CYP4V2,-1.47401462304479,10.498319411713,-15.1870245398667,4.10751448543995e-42,1.46059133100272e-41,84.615733730965
CYP2E1,-3.00177360378752,12.5893841856875,-15.0985777570403,9.91596772597259e-42,3.50065253224212e-41,83.7375491168783
CFI,-1.21680027261563,10.811989113125,-15.0285510334548,1.99019026856188e-41,6.96161259929742e-41,83.0433923052047
ARHGEF2,1.26031262648958,9.26248985001852,15.019580750185,2.17580815166977e-41,7.60315462969039e-41,82.9545456941167
IGFBP3,-1.26038403747917,9.94623600188657,-15.0146201337666,2.28577365976506e-41,7.97930134277743e-41,82.9054202392498
PROZ,-1.2441555094823,7.64308014478935,-14.9822236205573,3.15369458714462e-41,1.09867554836124e-40,82.5847212932199
RBM34,1.00796503720938,7.49830598445139,14.9564063095458,4.07521363908546e-41,1.41112488409865e-40,82.3293092998343
CYP2C9,-2.36105883534271,9.6577070765162,-14.9358745677639,4.9962657553641e-41,1.72657674745228e-40,82.1262885265641
SPP2,-1.97398173457499,10.5890238768333,-14.9301450287025,5.28851776322637e-41,1.82573452428971e-40,82.06965003609
AKR1B10,3.16345769818645,9.03036950724769,14.9278647082761,5.40952311776131e-41,1.86376247838617e-40,82.0471102209692
FASN,1.37765721701042,11.5626836576134,14.8696549027072,9.63389392864759e-41,3.27647778662421e-40,81.4721129798582
NT5DC2,1.06520691254792,6.64846447661343,14.8441846792354,1.23986695930627e-40,4.19600296080495e-40,81.2207476515886
SHBG,-1.68029621173126,9.43598014629167,-14.8335875960821,1.37703888716289e-40,4.64649172633058e-40,81.1162066886133
FTCD,-1.36674235013751,9.45803153265972,-14.8271515630424,1.46763576139215e-40,4.94732957839257e-40,81.0527267230806
WASHC5,1.1650814831125,8.00252369355556,14.8148158483806,1.65823321630665e-40,5.57341594717548e-40,80.9310822357006
BCHE,-1.6946730137974,9.21141499870718,-14.8120600720548,1.70407961899998e-40,5.72190957112896e-40,80.9039116279298
SIPA1L2,1.38886089595209,7.47453848458796,14.7393991343597,3.49565277004796e-40,1.15791391177577e-39,80.1881138977983
MAT1A,-1.33878983859167,10.1311134973449,-14.6377963491213,9.52828394264036e-40,3.11118396796289e-39,79.1891806966071
ITGA5,1.01346672477083,8.06557485946296,14.6230672054013,1.10170082552746e-39,3.58705434662259e-39,79.0445614484063
EGR1,-1.38121343527916,9.81666351647685,-14.6221878888835,1.11128889578327e-39,3.61484598202228e-39,79.0359293781389
MBL2,-1.74330742976667,9.74090516174769,-14.5776490471433,1.72323928462424e-39,5.56327720177092e-39,78.5989327731372
PDXK,1.04936227920312,7.78872901631944,14.560332579234,2.04345780505449e-39,6.57851692630007e-39,78.4291542497214
HKDC1,1.15499904016145,7.73475428363657,14.5409033724678,2.47389652574573e-39,7.94933074456183e-39,78.2387442619756
ODC1,1.00092923273438,8.94638019420833,14.4629637695144,5.32131636789321e-39,1.69718864658432e-38,77.4758085174039
CYP2J2,-1.29471402577188,10.6626554276736,-14.3577267057515,1.49343142215651e-38,4.71935320617075e-38,76.4479510738834
CYP4A11,-2.06652941066875,12.6133341737778,-14.3346453505826,1.87209748275518e-38,5.91052835777945e-38,76.2228707335028
BAIAP2L2,1.36905631952916,6.89402215780787,14.3188005476847,2.18609716754314e-38,6.88921446835843e-38,76.0684334935506
AKR1B15,2.16893560188334,7.47349397558102,14.2970232638831,2.70508607826031e-38,8.49357466071678e-38,75.8562732930065
ENO3,-1.420887858775,8.32376730544444,-14.2705892331511,3.50274335443098e-38,1.09381122022458e-37,75.5989023157725
ADH6,-1.4003553740875,8.49086384171528,-14.2095282626012,6.3586474522349e-38,1.96774360346188e-37,75.0050525755164
SLC10A1,-2.25262924786042,10.6394431320255,-14.1933833980204,7.44334453446643e-38,2.29720471481511e-37,74.848190771481
EPHX2,-1.2232901320375,9.67992111904861,-14.1289902279114,1.39416540237466e-37,4.26063892985494e-37,74.2232066032741
ARHGEF3,1.01010006513542,7.99976808390509,14.1177866278683,1.55484892985309e-37,4.7474720658181e-37,74.1145745809917
OGDHL,-1.09511301503854,8.35113381831018,-14.1076235126975,1.71652711175821e-37,5.23182841960023e-37,74.0160589659599
CCN1,-1.39624967799271,8.77179632266204,-14.0921271090631,1.99589122443864e-37,6.06179164982028e-37,73.8658962337113
PALLD,1.07698331335208,7.91335293400463,14.071799748676,2.43219524030773e-37,7.37386641699651e-37,73.6690141122651
TCEAL9,1.01677891304635,8.2121030552662,14.044480618099,3.1719142549807e-37,9.56586959250107e-37,73.4045803553838
TUBB2A,1.04016495795521,8.34997163549768,14.0353556785221,3.46595157182156e-37,1.04069437493069e-36,73.3162990961186
TMSB10,1.06272070956252,11.6260009435972,14.0329807450713,3.54683993490425e-37,1.06405198047128e-36,73.2933258149636
GLS2,-1.04757237246562,7.78874257767708,-14.0149314422687,4.22635083085026e-37,1.26020096388634e-36,73.1187786257968
CYP2A7,-1.48094449670522,7.9495916786412,-14.014565736851,4.24138362518676e-37,1.26358653534402e-36,73.1152429192885
ALDH6A1,-1.19107294352604,9.76858161959491,-13.9905266936967,5.35594933949418e-37,1.58874663049763e-36,72.8829056322829
ADH1A,-1.59639076278335,13.2261033136273,-13.9313606438094,9.5051054507442e-37,2.79537989925568e-36,72.3117120218998
HPD,-2.11020877805625,10.6451200816667,-13.8353595028899,2.40619046760034e-36,7.0223145762168e-36,71.3868887343951
GCGR,-2.0301082034573,9.12969287689352,-13.783577126164,3.96705022473304e-36,1.15286104246684e-35,70.8890763060064
MTMR11,1.05580444727188,7.08238137309028,13.7723899220955,4.4191410092197e-36,1.28315717385204e-35,70.7816235067961
RPS21,1.01008733766875,8.91992262254861,13.7618855682634,4.89028147213033e-36,1.41875986965943e-35,70.6807606503531
AZGP1,-1.34807045565208,10.4371113920926,-13.7609670587794,4.93378580499114e-36,1.4301733535987e-35,70.6719425559408
TDO2,-1.41914125151458,9.03437082705093,-13.7587367285073,5.04103619950359e-36,1.46003029892874e-35,70.6505313693662
LECT2,-1.92193680349375,10.3239247142361,-13.7386152661237,6.12001205586904e-36,1.76954894039648e-35,70.4574269847363
TMEM45B,1.55724879295313,7.75134747835417,13.686147206529,1.0143085728018e-35,2.90830546542086e-35,69.9544203253763
SAA4,-1.86449132148543,12.2268889767616,-13.6493605591554,1.44482364710516e-35,4.13580768983851e-35,69.6022067006904
RIDA,-1.25271252781459,9.56422586639815,-13.5264550955039,4.69859756586222e-35,1.32836894145981e-34,68.4282174297773
CKS1B,1.12822052696614,8.78286478983796,13.512080680915,5.39196762918459e-35,1.521890616783e-34,68.2911950124666
SDS,-2.00653712869999,9.51413070030556,-13.4850832693909,6.98156997344853e-35,1.96732509095945e-34,68.0340064391529
DHCR7,1.00240712640104,9.30214932630787,13.401288368983,1.55469103215678e-34,4.35237464992547e-34,67.2370911284303
COL1A2,1.15867025699479,7.79609580162731,13.3950480524554,1.65006878601224e-34,4.6156240064756e-34,67.1778261015852
ACOT12,-1.20015882368334,8.30918123162037,-13.393796450574,1.66988942471651e-34,4.66726621147372e-34,67.1659408716371
C8B,-1.26790010473855,10.6816525387824,-13.3873730477476,1.77540814104022e-34,4.95412426033562e-34,67.1049514143712
TKFC,-1.00051358474271,8.00391658534259,-13.3372071436857,2.86380588507779e-34,7.93320420584048e-34,66.6290522671458
CMBL,-1.2671814948948,11.0044035119421,-13.3309598200214,3.03934517600264e-34,8.4059184215532e-34,66.5698393741265
SNORD13,-1.38694878825209,9.02994578567593,-13.3143037530466,3.56154668246031e-34,9.82643602751099e-34,66.4120281087477
RGCC,1.10031008991667,8.1051584783287,13.3099939607208,3.71065174746288e-34,1.02296057403973e-33,66.3712076277602
C7,-1.48361196335522,7.58607588847454,-13.2867090508265,4.63064273037558e-34,1.27250062230721e-33,66.150759454163
HAO1,-1.22258732237761,9.54790914409143,-13.2775454288921,5.05216583209288e-34,1.38722539034685e-33,66.0640482419626
H2AZ1,1.14103165224478,9.94146935134954,13.2718553278564,5.33293672104478e-34,1.46314997098952e-33,66.0102181258613
CIDEB,-1.30888103684895,9.30626322522454,-13.2483899244091,6.66481339385493e-34,1.82419394485193e-33,65.7883315081038
UBE2Q2,1.03202854237709,7.99384064655324,13.2395608365519,7.24769095372934e-34,1.98215114857168e-33,65.7048876750384
NUPR1,1.11057151824219,8.87867746047569,13.1915244713604,1.14321355283929e-33,3.09207760157712e-33,65.2513110854125
HPX,-1.62101426148958,12.8624709819676,-13.1807560573105,1.26606503393571e-33,3.42166277857526e-33,65.1497286508243
AGO2,1.02675031836354,8.15097025480093,13.1520397035852,1.66185806983254e-33,4.47724115284297e-33,64.8790109286251
LCN2,1.70139790794687,8.52458384056944,13.1383431925099,1.89191957754069e-33,5.08907106409733e-33,64.7499793704864
NREP,1.23632695073021,8.34814154653935,13.1330884027444,1.98838037012003e-33,5.3401771472731e-33,64.7004906541413
CYP8B1,-2.19528936123543,10.4257105895324,-13.1096985653842,2.48076549571558e-33,6.64698087190563e-33,64.4803130424453
PLG,-1.53794418065938,11.8649569963472,-13.0417253019511,4.71421698581709e-33,1.25045060589048e-32,63.8414231954542
PON3,-1.19041969084376,11.7103224974653,-13.0289828331474,5.31630555660062e-33,1.40798069290078e-32,63.7218165106532
ASPSCR1,1.03025675123126,10.0847288350347,12.8833756211407,2.09187651972301e-32,5.41900139159016e-32,62.3587511717895
SMIM24,-1.35707814214375,8.95659510734028,-12.8649625985211,2.48634555504305e-32,6.41185959577543e-32,62.186868357713
DCXR,-1.23718777006667,11.9516561630532,-12.7649771352671,6.34068719642121e-32,1.62055509819247e-31,61.2554549922106
HBB,-1.62452663547501,10.2572666085556,-12.6905037334955,1.2707350250105e-31,3.22138362428861e-31,60.5638484742758
MARCKS,1.09798756264478,9.68515036398843,12.6769781930507,1.44146256228926e-31,3.64880169599382e-31,60.4384409965692
HBA1,-1.32640312090521,8.51543846600926,-12.6325264255865,2.1804649453122e-31,5.49919022551204e-31,60.0267231807187
PON1,-1.37477062623645,10.0539122227141,-12.5385533290615,5.21912042979421e-31,1.30288362473424e-30,59.1585459714113
SNORA22,-1.00455328403021,7.31389419123148,-12.4864867596623,8.45385748778912e-31,2.09971080770467e-30,58.6788335412404
FGG,-1.57588464890626,11.435059858375,-12.4049823630686,1.79526691644954e-30,4.41743686103452e-30,57.9297954786939
PLIN2,-1.18077325965157,10.8442604141736,-12.3834883658541,2.18885892850368e-30,5.38205470251262e-30,57.7326517798992
ADIRF,-1.4664840990823,9.42788462228241,-12.3412198191418,3.23080003666424e-30,7.89878870173785e-30,57.3454413078833
HSPA1B,1.17203151112187,9.20704937201389,12.3190251154869,3.96268712095876e-30,9.67784478827133e-30,57.1423768332637
ACACB,-1.23904639365001,9.16042478052083,-12.3189859989218,3.96411284340546e-30,9.67784478827133e-30,57.1420191023898
GPT,-1.23928746765728,8.77749855415741,-12.3123720822337,4.21267132698279e-30,1.02700681392377e-29,57.0815410493368
MMP9,1.21862186987291,6.81349212885648,12.2483234429002,7.58539581728342e-30,1.83887249239943e-29,56.4966908743149
G6PC,-1.41190224452032,10.3076254050174,-12.1732497919441,1.5085465165752e-29,3.62875159974496e-29,55.8130626548331
ALDOB,-1.80473454941667,12.9990045731019,-12.1614552430466,1.68030358343746e-29,4.0362537126627e-29,55.7058478034816
TRNP1,1.07378797386146,7.60420009406019,12.1447112983677,1.95807991893964e-29,4.69037972214621e-29,55.5537298935722
RNASE4,-1.26576964291927,10.6878072252002,-12.0485336598002,4.7056700024477e-29,1.1178406956022e-28,54.6819739017472
PHGDH,-1.28782851017188,10.8980813065556,-12.0409779561977,5.04050540762979e-29,1.19572762950334e-28,54.6136351163446
MUC13,1.47237086409166,7.53570663761343,11.9933873927765,7.76773323977127e-29,1.83256618671802e-28,54.1836884242726
ANG,-1.22732793227552,12.3990743812801,-11.9750159710841,9.17700959406876e-29,2.16207324798534e-28,54.0179447416196
ALPL,-1.131561626575,8.63895007942361,-11.8673834971387,2.43113503884533e-28,5.64253301245521e-28,53.0494909168563
ACSL1,-1.28754446045937,9.80657056663889,-11.768770773861,5.91272316612579e-28,1.35854207863827e-27,52.1661225611264
SELENOM,1.01556284252604,8.13351064161343,11.5372543704072,4.69382953399395e-27,1.0579596095321e-26,50.1073224067134
AOX1,-1.56078224323646,10.435345926044,-11.4245614195645,1.27685423298534e-26,2.84620005860132e-26,49.1130338514549
CD24,1.23152466458177,8.30623000836574,11.2728389770217,4.87224178310778e-26,1.06803768506543e-25,47.7827241767252
FETUB,-1.3131397555073,9.28313437797685,-11.2266760763497,7.30905107169288e-26,1.59914588734172e-25,47.37989436847
SLC27A2,-1.2611322780271,10.0646725968287,-11.1914424371049,9.95479452382793e-26,2.17247262956474e-25,47.0730489948754
FMO3,-1.40437773485417,10.9511100924907,-11.1451317221603,1.49293167994141e-25,3.24982276337057e-25,46.670546897405
WDR72,-1.27225339399271,9.23194363579398,-11.1343813482024,1.63998996230406e-25,3.56542121551548e-25,46.5772443008138
ETNPPL,-1.11646920121199,8.17137845999074,-11.1091557081806,2.04407631302491e-25,4.43270336820742e-25,46.3585076357
HSPA1A,1.09804372182709,9.07375020691435,11.1043559829474,2.13149531893672e-25,4.61644793224946e-25,46.31691957233
DPYS,-1.23005998558959,10.9975135838079,-11.0792578885589,2.65287804254928e-25,5.72401763577687e-25,46.0996163150912
ORM2,-1.05202876411459,12.8849074209606,-10.9490494389731,8.21967714037255e-25,1.75479123537475e-24,44.9766953665717
GNMT,-1.30015650854896,8.41939466159954,-10.8503747713826,1.92712437728683e-24,4.07615285466766e-24,44.1307493036436
RBP4,-1.02573436556459,12.1178715801551,-10.8330088760691,2.23791228391277e-24,4.73060227399408e-24,43.9823240444891
SERPINE2,1.1690821676573,8.88174434223148,10.6638234854092,9.53632332170213e-24,1.98649306307137e-23,42.5435171556105
AQP9,-1.58246726426041,11.3496650683449,-10.5725195692593,2.07385924975688e-23,4.28622534471412e-23,41.7725464437792
APOC4,-1.43785262201043,11.2021394966782,-10.4841412911121,4.3830435543787e-23,8.97779046469341e-23,41.0300187854128
HRG,-1.21174345030678,10.023507290985,-10.4558002924796,5.56750386060882e-23,1.13971250066694e-22,40.79269283415
HSD11B1,-1.88938604729062,9.333093805,-10.41064833154,8.14381930809487e-23,1.66215206912097e-22,40.4153879125706
CFHR3,-1.25878681349584,8.07683376302315,-10.3512309334796,1.34134987777757e-22,2.72958343019311e-22,39.920374252733
LOXL4,1.30297964930417,7.48805513500926,10.2982015624389,2.09093671440777e-22,4.23988643092721e-22,39.4800283417544
SGCE,1.01533392704374,8.73077321869444,10.2954901186654,2.13886407055868e-22,4.33451214299059e-22,39.4575499289876
SLC38A4,-1.04008589525937,9.11154878170139,-10.2483205424051,3.17072805120867e-22,6.41050668387391e-22,39.0670819576169
HSD17B6,-1.65506285416562,11.2483787084861,-10.1234446356314,8.94412084968694e-22,1.79038782742859e-21,38.0386777064445
IRX3,1.10770995421354,7.11638190739815,10.0812503532826,1.2675563909754e-21,2.52262815932822e-21,37.692951221116
TMED3,1.12147431923229,9.47949563390509,10.0718161333059,1.37016635753303e-21,2.72368138780438e-21,37.6157728674698
OTC,-1.28517670533751,10.5361318973542,-10.0537354857957,1.5904095328145e-21,3.1560119845279e-21,37.4679864909202
F12,-1.06524044965624,11.4088862920139,-10.048154633737,1.66523820043151e-21,3.30259423699898e-21,37.4224035013006
CPS1,-1.51695730059063,12.3903782481111,-10.0015154592262,2.44388695093491e-21,4.82179878027651e-21,37.0420845204064
SULT2A1,-1.27909846004583,11.6367659541065,-9.87368719753996,6.95480092386179e-21,1.35660086163914e-20,36.00541446806
PIPOX,-1.00400375605313,9.74417291172917,-9.74147538509551,2.03364154433791e-20,3.92667718088854e-20,34.9421100444537
IGFBP1,-1.21076745282188,8.86119580477083,-9.7118807642195,2.58254660482117e-20,4.97256030692866e-20,34.7053550577358
CYP2C18,-1.01264775509376,9.21550241128472,-9.62860284516861,5.04664112890188e-20,9.62532608427426e-20,34.0416326298514
GATM,-1.27903295393334,10.7513764743495,-9.44769167540425,2.13602067954605e-19,4.00503877414884e-19,32.6126262080233
SPP1,1.46254388835574,8.47510624619329,9.37948199527113,3.66342806842595e-19,6.8131431592004e-19,32.0784758768713
ARG1,-1.04697890786458,11.2842807913426,-9.34316962697958,4.87714997894568e-19,9.05568117712346e-19,31.7951611000365
AGXT,-1.11934340615834,12.2314819871343,-9.23911463660082,1.10297440202644e-18,2.02822113006469e-18,30.9873743887529
GSTA2,-1.42976105659584,10.2116111847662,-9.20520970098135,1.43709241076555e-18,2.63415818088562e-18,30.7254796065705
LYZ,1.19506235069218,8.18663298567014,9.1260039454723,2.65994511660067e-18,4.83946582390006e-18,30.116198940843
TESC,1.06323044382604,7.39255227702315,8.99028816834555,7.57689345524036e-18,1.362650733966e-17,29.0805598040654
NPW,-1.4367583110198,9.68813912281713,-8.90068271854663,1.50373052971424e-17,2.6818870039296e-17,28.4026289267614
HPR,-1.01409867207866,9.54379669497801,-8.72490225322195,5.69259498798682e-17,1.00174507088805e-16,27.08643944452
SLC39A5,-1.02372309792292,9.51536932865046,-8.6391263451191,1.08290064366838e-16,1.8901238368907e-16,26.4508655929575
UPB1,-1.03946242883959,10.4595358734815,-8.54511237597779,2.18032946330161e-16,3.75975487271136e-16,25.7593601184382
APCS,-1.12392850518856,12.3736836677338,-8.48931363630212,3.29480730310426e-16,5.65600354131091e-16,25.3514910790323
C4BPA,-1.09087134440625,12.4526113655208,-8.48267262833004,3.46032416105757e-16,5.93420543845868e-16,25.3030749150224
ALDH1L1,-1.09902588724584,10.3278539893912,-8.34298741779159,9.64223186783081e-16,1.63480091145108e-15,24.2910228578117
A2M,-1.05025440591355,11.4336523711991,-8.33248411745886,1.04096201621161e-15,1.76143080083097e-15,24.2154146906802
SNAR-A1,1.08250039733437,7.436632622125,8.30263077515481,1.2936048983256e-15,2.18462774127258e-15,24.0008922485993
EEF1A2,1.02879449352292,7.43151117093287,7.51723843721797,3.2131100940349e-13,5.11447320343368e-13,18.5638186388932
ATF5,-1.0034620448021,10.844664686919,-7.41891550168197,6.23041771549606e-13,9.79921467615795e-13,17.9121168126731
SLC13A5,-1.04402714575209,10.4688123878495,-7.32070505819939,1.19941266409432e-12,1.87101839289917e-12,17.2678126015023
GPX2,1.00018439722604,10.5677941704954,7.11686535528952,4.57380749843657e-12,7.00968989634587e-12,15.9520337785101
DEFB1,-1.12183192208335,10.720095127162,-6.77714853460986,3.9930341681782e-11,5.95057369531111e-11,13.8249973411548
AFP,1.16493912388437,9.21432902429861,6.58867586882255,1.28254846951798e-10,1.88998455289329e-10,12.6812364957069
